{
    "probe_name": "epistemic_irreversibility",
    "signal": 12.75005740046325,
    "confidence": "HIGH",
    "passed": true,
    "domain": "dynamical_systems",
    "findings": {
        "mean_info_loss_bits": 12.75005740046325,
        "commitment_bias": 0.011737401746640447,
        "unstable_ratio": 0.97
    },
    "features": {
        "final_states_stats": {
            "mean": 0.011737401746640447,
            "variance": 0.069000985901732,
            "max": 0.5337654173400255,
            "min": -0.7216843955693906
        },
        "final_states_entropy": 2.0968725367183523,
        "irreversibility_distribution_stats": {
            "mean": 12.75005740046325,
            "variance": 3.1554436208840472e-30,
            "max": 12.750057400463252,
            "min": 12.750057400463252
        },
        "irreversibility_distribution_entropy": 2.162326589118441e-08
    }
}