{
    "probe_name": "epistemic_irreversibility",
    "signal": 15.298661596265076,
    "confidence": "HIGH",
    "passed": true,
    "domain": "dynamical_systems",
    "findings": {
        "mean_info_loss_bits": 15.298661596265076,
        "commitment_bias": 0.04472273095192029,
        "unstable_ratio": 0.95
    },
    "features": {
        "final_states_stats": {
            "mean": 0.04472273095192029,
            "variance": 0.060304724947778,
            "max": 0.7010334277713102,
            "min": -0.5033004451590514
        },
        "final_states_entropy": 2.092098200501408,
        "irreversibility_distribution_stats": {
            "mean": 15.298661596265076,
            "variance": 2.8398992587956425e-29,
            "max": 15.298661596265081,
            "min": 15.298661596265081
        },
        "irreversibility_distribution_entropy": 2.162326589118441e-08
    }
}