{
  "experiment": "network_consensus",
  "features": {
    "network_metrics": {
      "nodes": 20,
      "edges": 40,
      "density": 0.21052631578947367,
      "clustering": 0.3416666666666667
    },
    "final_variance": 1.3473607039141042e-05,
    "convergence_step": 72
  }
}