{
    "probe_name": "epistemic_irreversibility",
    "signal": 49.82892142331041,
    "confidence": "HIGH",
    "passed": true,
    "domain": "dynamical_systems",
    "findings": {
        "mean_info_loss_bits": 49.82892142331041,
        "commitment_bias": 1.0884243407958478,
        "unstable_ratio": 0.0
    },
    "features": {
        "final_states_stats": {
            "mean": 1.0884243407958478,
            "variance": 2.0627696187423768e-05,
            "max": 1.1000375069492396,
            "min": 1.0733582769367045
        },
        "final_states_entropy": 1.8936056258028395,
        "irreversibility_distribution_stats": {
            "mean": 49.82892142331041,
            "variance": 4.543838814073028e-28,
            "max": 49.82892142331043,
            "min": 49.82892142331043
        },
        "irreversibility_distribution_entropy": 2.1623265891184758e-08
    }
}