{
    "probe_name": "epistemic_irreversibility",
    "signal": 49.82892142331041,
    "confidence": "HIGH",
    "passed": true,
    "domain": "dynamical_systems",
    "findings": {
        "mean_info_loss_bits": 49.82892142331041,
        "commitment_bias": 0.3211955525226694,
        "unstable_ratio": 0.0
    },
    "features": {
        "final_states_stats": {
            "mean": 0.3211955525226694,
            "variance": 0.8951903565760948,
            "max": 1.059761962273659,
            "min": -1.054639489123794
        },
        "final_states_entropy": 0.6410355162153818,
        "irreversibility_distribution_stats": {
            "mean": 49.82892142331041,
            "variance": 4.543838814073028e-28,
            "max": 49.82892142331043,
            "min": 49.82892142331043
        },
        "irreversibility_distribution_entropy": 2.1623265891184758e-08
    }
}