{
    "probe_name": "epistemic_irreversibility",
    "signal": 49.82892142331041,
    "confidence": "HIGH",
    "passed": true,
    "domain": "dynamical_systems",
    "findings": {
        "mean_info_loss_bits": 49.82892142331041,
        "commitment_bias": 0.24790246835838112,
        "unstable_ratio": 0.0
    },
    "features": {
        "final_states_stats": {
            "mean": 0.24790246835838112,
            "variance": 0.938275223633851,
            "max": 1.095652446225157,
            "min": -1.0825841390563455
        },
        "final_states_entropy": 0.6640641659430663,
        "irreversibility_distribution_stats": {
            "mean": 49.82892142331041,
            "variance": 4.543838814073028e-28,
            "max": 49.82892142331043,
            "min": 49.82892142331043
        },
        "irreversibility_distribution_entropy": 2.1623265891184758e-08
    }
}