{
    "probe_name": "epistemic_irreversibility",
    "signal": 49.80798493677298,
    "confidence": "HIGH",
    "passed": true,
    "domain": "dynamical_systems",
    "findings": {
        "mean_info_loss_bits": 49.80798493677298,
        "commitment_bias": 0.020037997794158456,
        "unstable_ratio": 1.0
    },
    "features": {
        "final_states_stats": {
            "mean": 0.020037997794158456,
            "variance": 0.017396509662705412,
            "max": 0.31448518203145515,
            "min": -0.27520197483958436
        },
        "final_states_entropy": 2.155059699692251,
        "irreversibility_distribution_stats": {
            "mean": 49.80798493677298,
            "variance": 5.048709793414476e-29,
            "max": 49.807984936772975,
            "min": 49.807984936772975
        },
        "irreversibility_distribution_entropy": 2.1623265891184758e-08
    }
}