{
    "probe_name": "epistemic_irreversibility",
    "signal": 10.789056491898139,
    "confidence": "HIGH",
    "passed": true,
    "domain": "dynamical_systems",
    "findings": {
        "mean_info_loss_bits": 10.789056491898139,
        "commitment_bias": 0.010400226717143624,
        "unstable_ratio": 0.86
    },
    "features": {
        "final_states_stats": {
            "mean": 0.010400226717143624,
            "variance": 0.10999751419356478,
            "max": 0.8050274566910163,
            "min": -0.7795413125914061
        },
        "final_states_entropy": 2.1101325968576288,
        "irreversibility_distribution_stats": {
            "mean": 10.789056491898139,
            "variance": 2.8398992587956425e-29,
            "max": 10.789056491898133,
            "min": 10.789056491898133
        },
        "irreversibility_distribution_entropy": 2.162326589118441e-08
    }
}