{
    "probe_name": "epistemic_irreversibility",
    "signal": 49.82892142331041,
    "confidence": "HIGH",
    "passed": true,
    "domain": "dynamical_systems",
    "findings": {
        "mean_info_loss_bits": 49.82892142331041,
        "commitment_bias": 0.03247457161868548,
        "unstable_ratio": 1.0
    },
    "features": {
        "final_states_stats": {
            "mean": 0.03247457161868548,
            "variance": 0.00013577984456311453,
            "max": 0.05758850061820375,
            "min": 0.00714914059569017
        },
        "final_states_entropy": 2.180916494882677,
        "irreversibility_distribution_stats": {
            "mean": 49.82892142331041,
            "variance": 4.543838814073028e-28,
            "max": 49.82892142331043,
            "min": 49.82892142331043
        },
        "irreversibility_distribution_entropy": 2.1623265891184758e-08
    }
}