{
    "val_signal": 35.86572394781978,
    "val_passed": 1.0,
    "global_mean": 18.43286197390989,
    "global_variance": 303.9046766013934,
    "global_max": 35.86572394781978,
    "entropy": 1.0
}