{
    "probe_name": "epistemic_irreversibility",
    "signal": 35.86572394781978,
    "confidence": "HIGH",
    "passed": true,
    "domain": "dynamical_systems",
    "findings": {
        "mean_info_loss_bits": 35.86572394781978,
        "commitment_bias": 0.052528570245683304,
        "unstable_ratio": 1.0
    },
    "features": {
        "final_states_stats": {
            "mean": 0.052528570245683304,
            "variance": 0.021899432853661978,
            "max": 0.34449554775060465,
            "min": -0.2599064301794369
        },
        "final_states_entropy": 2.235483807754935,
        "irreversibility_distribution_stats": {
            "mean": 35.86572394781978,
            "variance": 5.048709793414476e-29,
            "max": 35.865723947819774,
            "min": 35.865723947819774
        },
        "irreversibility_distribution_entropy": 2.1623265891184758e-08
    }
}