{
    "probe_name": "epistemic_irreversibility",
    "signal": 49.82892142321601,
    "confidence": "HIGH",
    "passed": true,
    "domain": "dynamical_systems",
    "findings": {
        "mean_info_loss_bits": 49.82892142321601,
        "commitment_bias": 0.050767768585574705,
        "unstable_ratio": 1.0
    },
    "features": {
        "final_states_stats": {
            "mean": 0.050767768585574705,
            "variance": 0.009967956706586439,
            "max": 0.3078748735692438,
            "min": -0.205859638231718
        },
        "final_states_entropy": 2.0345890170685843,
        "irreversibility_distribution_stats": {
            "mean": 49.82892142321601,
            "variance": 8.077935669463161e-28,
            "max": 49.82892142321598,
            "min": 49.82892142321598
        },
        "irreversibility_distribution_entropy": 2.1623265891184758e-08
    }
}