{
    "PSS": 0.904351087771943,
    "BAS": 0.8565266316579145,
    "CSI": 1.0,
    "fragility_gradient": 0.09564891222805702,
    "null_delta": 0.5
}