{
    "val_signal": 18.69541954885087,
    "val_passed": 1.0,
    "global_mean": 9.847709774425436,
    "global_variance": 78.2819682524634,
    "global_max": 18.69541954885087,
    "entropy": 1.0
}