{
  "artifact_hash": "a33f717053aeda0bc61a5595d85e06c8e8a6d661fba166425b0c6d1afaca0b73",
  "bootstrap_seed": 42,
  "data": {
    "cum_top50": [
      0.13156092545290177,
      0.2423061086023472,
      0.29087029770791484,
      0.322701252375242,
      0.3604927068463424,
      0.3973116155415416,
      0.42862224062790977,
      0.4601661101192845,
      0.48491732285734795,
      0.5078461275521445,
      0.5278802804943912,
      0.5466905364657988,
      0.5642442522712935,
      0.5810249835860926,
      0.5967293141373595,
      0.6107955484741949,
      0.6238811444854283,
      0.6359485492323633,
      0.6477483832528663,
      0.6592265168929788,
      0.6705925967903097,
      0.6814609513046971,
      0.692192860521777,
      0.7017635712157184,
      0.711076645821028,
      0.7198927209491908,
      0.727655076449596,
      0.7353522159137119,
      0.7428761907690602,
      0.7503767203775034,
      0.7578168906371219,
      0.7650523548556805,
      0.7720904894278318,
      0.7788978358120134,
      0.7854867530603035,
      0.7917358467961848,
      0.797673905209551,
      0.8034444302857335,
      0.8089780613118189,
      0.8144121334514519,
      0.8196242554870314,
      0.8244015666510441,
      0.8288835769713164,
      0.8331428488103322,
      0.837356706670501,
      0.8412947563207408,
      0.8449768011803012,
      0.8482657694733173,
      0.8512730331029295,
      0.8541213189298138
    ],
    "k_50": 10,
    "k_67": 21,
    "k_90": -1,
    "lambda_top50": [
      0.13156092545290177,
      0.11074518314944541,
      0.048564189105567666,
      0.03183095466732717,
      0.037791454471100404,
      0.0368189086951992,
      0.03131062508636818,
      0.0315438694913747,
      0.024751212738063466,
      0.02292880469479655,
      0.020034152942246624,
      0.018810255971407584,
      0.017553715805494745,
      0.01678073131479903,
      0.01570433055126694,
      0.014066234336835385,
      0.01308559601123338,
      0.01206740474693505,
      0.011799834020503018,
      0.01147813364011251,
      0.011366079897330893,
      0.010868354514387366,
      0.01073190921707986,
      0.00957071069394147,
      0.00931307460530961,
      0.00881607512816275,
      0.007762355500405297,
      0.007697139464115882,
      0.007523974855348288,
      0.007500529608443209,
      0.007440170259618535,
      0.007235464218558555,
      0.007038134572151343,
      0.006807346384181681,
      0.006588917248290056,
      0.006249093735881315,
      0.005938058413366169,
      0.005770525076182561,
      0.005533631026085346,
      0.005434072139633007,
      0.00521212203557956,
      0.004777311164012702,
      0.004482010320272251,
      0.00425927183901574,
      0.004213857860168857,
      0.003938049650239776,
      0.0036820448595604152,
      0.0032889682930161207,
      0.0030072636296121055,
      0.0028482858268843703
    ],
    "method": "TruncatedSVD",
    "normalization": "None (Original)",
    "notes": "Original claim was k_90=1. Checking if lambda_0 >= 0.9."
  },
  "dataset_hash": "unknown",
  "generated_by": "helix.py run",
  "git_commit": "unknown",
  "schema_version": "unknown"
}