{
    "val_signal": 12.75005740046325,
    "val_passed": 1.0,
    "global_mean": 6.875028700231625,
    "global_variance": 34.5159622285453,
    "global_max": 12.75005740046325,
    "entropy": 1.0
}