{
    "probe_name": "epistemic_irreversibility",
    "signal": 10.789056491898139,
    "confidence": "HIGH",
    "passed": true,
    "domain": "dynamical_systems",
    "findings": {
        "mean_info_loss_bits": 10.789056491898139,
        "commitment_bias": -0.005288486079692432,
        "unstable_ratio": 0.89
    },
    "features": {
        "final_states_stats": {
            "mean": -0.005288486079692432,
            "variance": 0.08742353501654275,
            "max": 0.7622986997192838,
            "min": -0.705384057571711
        },
        "final_states_entropy": 2.0567262370324197,
        "irreversibility_distribution_stats": {
            "mean": 10.789056491898139,
            "variance": 2.8398992587956425e-29,
            "max": 10.789056491898133,
            "min": 10.789056491898133
        },
        "irreversibility_distribution_entropy": 2.162326589118441e-08
    }
}