{
    "probe_name": "epistemic_irreversibility",
    "signal": 12.75005740046325,
    "confidence": "HIGH",
    "passed": true,
    "domain": "dynamical_systems",
    "findings": {
        "mean_info_loss_bits": 12.75005740046325,
        "commitment_bias": -0.009210416886618172,
        "unstable_ratio": 0.94
    },
    "features": {
        "final_states_stats": {
            "mean": -0.009210416886618172,
            "variance": 0.0628679739984472,
            "max": 0.6881559748890032,
            "min": -0.5617982472295127
        },
        "final_states_entropy": 2.072011326180527,
        "irreversibility_distribution_stats": {
            "mean": 12.75005740046325,
            "variance": 3.1554436208840472e-30,
            "max": 12.750057400463252,
            "min": 12.750057400463252
        },
        "irreversibility_distribution_entropy": 2.162326589118441e-08
    }
}