{
    "probe_name": "epistemic_irreversibility",
    "signal": 18.69541954885087,
    "confidence": "HIGH",
    "passed": true,
    "domain": "dynamical_systems",
    "findings": {
        "mean_info_loss_bits": 18.69541954885087,
        "commitment_bias": 0.06404692942406594,
        "unstable_ratio": 0.96
    },
    "features": {
        "final_states_stats": {
            "mean": 0.06404692942406594,
            "variance": 0.06662166871353703,
            "max": 0.8652475675174947,
            "min": -0.723757966997097
        },
        "final_states_entropy": 1.8432323810226074,
        "irreversibility_distribution_stats": {
            "mean": 18.69541954885087,
            "variance": 1.262177448353619e-29,
            "max": 18.695419548850868,
            "min": 18.695419548850868
        },
        "irreversibility_distribution_entropy": 2.1623265891184758e-08
    }
}