{
    "val_signal": 19.059098537868493,
    "val_passed": 1.0,
    "global_mean": 10.029549268934247,
    "global_variance": 81.53276000011098,
    "global_max": 19.059098537868493,
    "entropy": 1.0
}