{
    "probe_name": "epistemic_irreversibility",
    "signal": 19.059098537868493,
    "confidence": "HIGH",
    "passed": true,
    "domain": "dynamical_systems",
    "findings": {
        "mean_info_loss_bits": 19.059098537868493,
        "commitment_bias": 0.04803133636112071,
        "unstable_ratio": 1.0
    },
    "features": {
        "final_states_stats": {
            "mean": 0.04803133636112071,
            "variance": 0.04235371626281004,
            "max": 0.499378415926143,
            "min": -0.4871940085393596
        },
        "final_states_entropy": 2.0868658502161916,
        "irreversibility_distribution_stats": {
            "mean": 19.059098537868493,
            "variance": 0.0,
            "max": 19.059098537868493,
            "min": 19.059098537868493
        },
        "irreversibility_distribution_entropy": 2.1623265891184758e-08
    }
}