{
    "probe_name": "epistemic_irreversibility",
    "signal": 15.298661596265076,
    "confidence": "HIGH",
    "passed": true,
    "domain": "dynamical_systems",
    "findings": {
        "mean_info_loss_bits": 15.298661596265076,
        "commitment_bias": 0.06657625227093644,
        "unstable_ratio": 0.94
    },
    "features": {
        "final_states_stats": {
            "mean": 0.06657625227093644,
            "variance": 0.06874784133416519,
            "max": 0.7444039032284366,
            "min": -0.5188982447690409
        },
        "final_states_entropy": 2.0948601295858036,
        "irreversibility_distribution_stats": {
            "mean": 15.298661596265076,
            "variance": 2.8398992587956425e-29,
            "max": 15.298661596265081,
            "min": 15.298661596265081
        },
        "irreversibility_distribution_entropy": 2.162326589118441e-08
    }
}