{
    "val_signal": 17.141425934460646,
    "val_passed": 1.0,
    "global_mean": 9.070712967230323,
    "global_variance": 65.13640779941969,
    "global_max": 17.141425934460646,
    "entropy": 1.0
}