{
    "probe_name": "epistemic_irreversibility",
    "signal": 17.141425934460646,
    "confidence": "HIGH",
    "passed": true,
    "domain": "dynamical_systems",
    "findings": {
        "mean_info_loss_bits": 17.141425934460646,
        "commitment_bias": 0.018921567400047384,
        "unstable_ratio": 0.93
    },
    "features": {
        "final_states_stats": {
            "mean": 0.018921567400047384,
            "variance": 0.06827022410905245,
            "max": 0.6278738550552974,
            "min": -0.7173469622713269
        },
        "final_states_entropy": 2.036005094468988,
        "irreversibility_distribution_stats": {
            "mean": 17.141425934460646,
            "variance": 5.048709793414476e-29,
            "max": 17.141425934460653,
            "min": 17.141425934460653
        },
        "irreversibility_distribution_entropy": 2.1623265891184758e-08
    }
}