{
    "val_signal": 11.797557383520743,
    "val_passed": 1.0,
    "global_mean": 6.398778691760372,
    "global_variance": 29.14681136260583,
    "global_max": 11.797557383520743,
    "entropy": 1.0
}