{
    "probe_name": "epistemic_irreversibility",
    "signal": 11.797557383520743,
    "confidence": "HIGH",
    "passed": true,
    "domain": "dynamical_systems",
    "findings": {
        "mean_info_loss_bits": 11.797557383520743,
        "commitment_bias": 0.03040170329495682,
        "unstable_ratio": 0.98
    },
    "features": {
        "final_states_stats": {
            "mean": 0.03040170329495682,
            "variance": 0.06187202391373549,
            "max": 0.6220078361505258,
            "min": -0.4940141429492034
        },
        "final_states_entropy": 2.1375699538058393,
        "irreversibility_distribution_stats": {
            "mean": 11.797557383520743,
            "variance": 1.262177448353619e-29,
            "max": 11.79755738352074,
            "min": 11.79755738352074
        },
        "irreversibility_distribution_entropy": 2.162326589118441e-08
    }
}