{
    "probe_name": "epistemic_irreversibility",
    "signal": 9.247984523551002,
    "confidence": "HIGH",
    "passed": true,
    "domain": "dynamical_systems",
    "findings": {
        "mean_info_loss_bits": 9.247984523551002,
        "commitment_bias": 0.05854708466809606,
        "unstable_ratio": 0.87
    },
    "features": {
        "final_states_stats": {
            "mean": 0.05854708466809606,
            "variance": 0.10172334696300865,
            "max": 0.959987588353545,
            "min": -0.6246476973597713
        },
        "final_states_entropy": 2.044165958280761,
        "irreversibility_distribution_stats": {
            "mean": 9.247984523551002,
            "variance": 0.0,
            "max": 9.247984523551002,
            "min": 9.247984523551002
        },
        "irreversibility_distribution_entropy": 2.162326589118441e-08
    }
}