{
    "val_n_samples": 100.0,
    "val_signal": 0.0067,
    "val_passed": 0.0,
    "val_duration_s": 0.006,
    "global_mean": 25.003175,
    "global_variance": 1874.841260141875,
    "global_max": 100.0,
    "entropy": 0.8112781244591328
}