{
    "probe_name": "epistemic_irreversibility",
    "signal": 30.024867952375686,
    "confidence": "HIGH",
    "passed": true,
    "domain": "dynamical_systems",
    "findings": {
        "mean_info_loss_bits": 30.024867952375686,
        "commitment_bias": 0.042906212477114576,
        "unstable_ratio": 1.0
    },
    "features": {
        "final_states_stats": {
            "mean": 0.042906212477114576,
            "variance": 0.029907583165047432,
            "max": 0.44654795968226624,
            "min": -0.3735685064039861
        },
        "final_states_entropy": 2.0875795196825973,
        "irreversibility_distribution_stats": {
            "mean": 30.024867952375686,
            "variance": 1.262177448353619e-29,
            "max": 30.024867952375683,
            "min": 30.024867952375683
        },
        "irreversibility_distribution_entropy": 2.1623265891184758e-08
    }
}