{
  "ig": {
    "identity": 0.4716773623837666,
    "distinction": 0.552521682548824,
    "relation": 0.0010012032845791198
  },
  "joint_probabilities": {
    "(1, 1, 0)": 1.0,
    "(0, 1, 0)": 1.0,
    "(1, 1, 1)": 1.0,
    "(0, 1, 1)": 1.0,
    "(0, 0, 0)": 0.0
  },
  "rank_analysis": {
    "rank_estimate": 3,
    "var_explained_3": 1.000000000000004
  },
  "necessary_elements": [
    "distinction"
  ],
  "verdict": "TRIAD_PARTIALLY_NECESSARY"
}