{
    "val_signal": 49.82892142331041,
    "val_passed": 1.0,
    "global_mean": 25.414460711655206,
    "global_variance": 596.0658918409556,
    "global_max": 49.82892142331041,
    "entropy": 1.0
}