{
    "probe_name": "epistemic_irreversibility",
    "signal": 10.789056491898139,
    "confidence": "HIGH",
    "passed": true,
    "domain": "dynamical_systems",
    "findings": {
        "mean_info_loss_bits": 10.789056491898139,
        "commitment_bias": 0.027365198220792097,
        "unstable_ratio": 0.84
    },
    "features": {
        "final_states_stats": {
            "mean": 0.027365198220792097,
            "variance": 0.12422873767207598,
            "max": 0.6794687113724986,
            "min": -0.8321043880094555
        },
        "final_states_entropy": 2.185324416169383,
        "irreversibility_distribution_stats": {
            "mean": 10.789056491898139,
            "variance": 2.8398992587956425e-29,
            "max": 10.789056491898133,
            "min": 10.789056491898133
        },
        "irreversibility_distribution_entropy": 2.162326589118441e-08
    }
}