{
    "val_signal": 49.756833636586954,
    "val_passed": 1.0,
    "global_mean": 25.378416818293477,
    "global_variance": 594.3072065664543,
    "global_max": 49.756833636586954,
    "entropy": 1.0
}