{
    "probe_name": "epistemic_irreversibility",
    "signal": 49.756833636586954,
    "confidence": "HIGH",
    "passed": true,
    "domain": "dynamical_systems",
    "findings": {
        "mean_info_loss_bits": 49.756833636586954,
        "commitment_bias": 0.007800233088002273,
        "unstable_ratio": 1.0
    },
    "features": {
        "final_states_stats": {
            "mean": 0.007800233088002273,
            "variance": 0.014696599172378056,
            "max": 0.3035555967753252,
            "min": -0.29944431172690855
        },
        "final_states_entropy": 2.050564388206047,
        "irreversibility_distribution_stats": {
            "mean": 49.756833636586954,
            "variance": 2.0194839173657902e-28,
            "max": 49.75683363658697,
            "min": 49.75683363658697
        },
        "irreversibility_distribution_entropy": 2.1623265891184758e-08
    }
}