{
    "val_signal": 8.014972360327507,
    "val_passed": 1.0,
    "global_mean": 4.507486180163753,
    "global_variance": 12.302459304039717,
    "global_max": 8.014972360327507,
    "entropy": 1.0
}