{
  "ig": {
    "identity": 0.5974222912961937,
    "distinction": 0.6855873290398794,
    "relation": 0.00381513850008864
  },
  "joint_probabilities": {
    "(1, 1, 0)": 1.0,
    "(0, 1, 0)": 1.0,
    "(1, 1, 1)": 1.0,
    "(0, 1, 1)": 1.0,
    "(0, 0, 0)": 0.0
  },
  "rank_analysis": {
    "rank_estimate": 3,
    "var_explained_3": 1.0000000000000033
  },
  "necessary_elements": [
    "identity",
    "distinction"
  ],
  "verdict": "TRIAD_PARTIALLY_NECESSARY"
}