{
    "probe_name": "epistemic_irreversibility",
    "signal": 49.82892142331041,
    "confidence": "HIGH",
    "passed": true,
    "domain": "dynamical_systems",
    "findings": {
        "mean_info_loss_bits": 49.82892142331041,
        "commitment_bias": 0.5129343956257626,
        "unstable_ratio": 0.01
    },
    "features": {
        "final_states_stats": {
            "mean": 0.5129343956257626,
            "variance": 0.7272692351573898,
            "max": 1.07174693557507,
            "min": -1.0514710117494956
        },
        "final_states_entropy": 0.6043212162005471,
        "irreversibility_distribution_stats": {
            "mean": 49.82892142331041,
            "variance": 4.543838814073028e-28,
            "max": 49.82892142331043,
            "min": 49.82892142331043
        },
        "irreversibility_distribution_entropy": 2.1623265891184758e-08
    }
}