{
    "probe_name": "epistemic_irreversibility",
    "signal": 9.247984523551002,
    "confidence": "HIGH",
    "passed": true,
    "domain": "dynamical_systems",
    "findings": {
        "mean_info_loss_bits": 9.247984523551002,
        "commitment_bias": 0.00989163156345062,
        "unstable_ratio": 0.88
    },
    "features": {
        "final_states_stats": {
            "mean": 0.00989163156345062,
            "variance": 0.10694261035700739,
            "max": 0.7302930911583272,
            "min": -1.0152984655240993
        },
        "final_states_entropy": 1.9753155564148939,
        "irreversibility_distribution_stats": {
            "mean": 9.247984523551002,
            "variance": 0.0,
            "max": 9.247984523551002,
            "min": 9.247984523551002
        },
        "irreversibility_distribution_entropy": 2.162326589118441e-08
    }
}