{
    "probe_name": "epistemic_irreversibility",
    "signal": 10.789056491898139,
    "confidence": "HIGH",
    "passed": true,
    "domain": "dynamical_systems",
    "findings": {
        "mean_info_loss_bits": 10.789056491898139,
        "commitment_bias": 0.09815893567844915,
        "unstable_ratio": 0.84
    },
    "features": {
        "final_states_stats": {
            "mean": 0.09815893567844915,
            "variance": 0.09429865194015485,
            "max": 0.7842333923932496,
            "min": -0.772022386467667
        },
        "final_states_entropy": 2.064979789591745,
        "irreversibility_distribution_stats": {
            "mean": 10.789056491898139,
            "variance": 2.8398992587956425e-29,
            "max": 10.789056491898133,
            "min": 10.789056491898133
        },
        "irreversibility_distribution_entropy": 2.162326589118441e-08
    }
}