{
  "basis_ig": {
    "BRANCHING_CAPACITY": 0.018325753787270777,
    "RECOMBINATION_CAPACITY": 0.028039517878299072,
    "SLACK_RESERVE": 0.05226329460340355
  },
  "ablation_delta": {
    "without_BRANCHING_CAPACITY": {
      "real_ig": 0.433566114610408,
      "null_mean": 0.20528627502863012,
      "null_std": 0.12211714008932234,
      "p_value": 0.064
    },
    "without_RECOMBINATION_CAPACITY": {
      "real_ig": 0.3417782459322642,
      "null_mean": 0.13219458164302655,
      "null_std": 0.0756542238003437,
      "p_value": 0.014
    },
    "without_SLACK_RESERVE": {
      "real_ig": 0.3521177728563779,
      "null_mean": 0.12687970042466284,
      "null_std": 0.07514507556711839,
      "p_value": 0.006
    }
  }
}