{
  "variants": {
    "low_1_med_3_high_4": {
      "real_ig": 0.1902707282634241,
      "null_mean": 0.049534881483046564,
      "null_std": 0.0480638383690362,
      "p_value": 0.015
    },
    "low_2_med_4": {
      "real_ig": 0.07833497324858213,
      "null_mean": 0.052595989510719296,
      "null_std": 0.03236894375446398,
      "p_value": 0.351
    }
  }
}