{
  "Kernel1_to_Expression_Accuracy": 0.5833333333333334,
  "Kernel1_All_to_Expression_Accuracy": 0.5833333333333334,
  "BoundaryType_to_Expression_Accuracy": 0.6666666666666666
}