{
  "class_vs_BoundaryType": {
    "real_ig": 0.320072172616238,
    "null_mean": 0.10185529259815063,
    "null_std": 0.06320282822329855,
    "p_value": 0.00552,
    "q_99": 0.2841119135597654,
    "q_99_9": 0.3996405363825128,
    "z_score": 3.4526442273614233
  },
  "primitives_vs_BoundaryType": {
    "real_ig": 0.3273929258490743,
    "null_mean": 0.31836583582623734,
    "null_std": 0.09442900599168479,
    "p_value": 0.44098,
    "q_99": 0.566085738959629,
    "q_99_9": 0.6598082630627637,
    "z_score": 0.09559657997069117
  },
  "permutations": 50000
}