{
  "pack_48": {
    "real_ig": 0.25693348596806287,
    "null_mean": 0.04881967125816435,
    "null_std": 0.029452877820607723,
    "p_value": 0.0
  },
  "pack_96": {
    "real_ig": 0.3424962628700446,
    "null_mean": 0.024239887164427664,
    "null_std": 0.014335073408939912,
    "p_value": 0.0
  },
  "pack_192": {
    "real_ig": 0.4198783856929642,
    "null_mean": 0.011810351667175211,
    "null_std": 0.006916388899476403,
    "p_value": 0.0
  }
}