{
  "domain_dropout": {
    "drop_rate_0.1": {
      "median_ig": 0.309235542739227,
      "worst_case_ig": 0.2637133084010792
    },
    "drop_rate_0.2": {
      "median_ig": 0.31896098125488853,
      "worst_case_ig": 0.2157615543388354
    },
    "drop_rate_0.3": {
      "median_ig": 0.3195308945318228,
      "worst_case_ig": 0.1638723215582887
    }
  },
  "jackknife": {
    "leave_one_out": {
      "median_ig": 0.3092379432832205,
      "worst_case_ig": 0.2945929093358237
    }
  },
  "decision": "SURVIVES"
}