{
    "probe_name": "epistemic_irreversibility",
    "signal": 12.75005740046325,
    "confidence": "HIGH",
    "passed": true,
    "domain": "dynamical_systems",
    "findings": {
        "mean_info_loss_bits": 12.75005740046325,
        "commitment_bias": -0.03742279083234306,
        "unstable_ratio": 0.92
    },
    "features": {
        "final_states_stats": {
            "mean": -0.03742279083234306,
            "variance": 0.08004510999335901,
            "max": 0.6586040957738012,
            "min": -0.6732895361913758
        },
        "final_states_entropy": 2.1280475089669015,
        "irreversibility_distribution_stats": {
            "mean": 12.75005740046325,
            "variance": 3.1554436208840472e-30,
            "max": 12.750057400463252,
            "min": 12.750057400463252
        },
        "irreversibility_distribution_entropy": 2.162326589118441e-08
    }
}