{
    "probe_name": "epistemic_irreversibility",
    "signal": 15.298661596265076,
    "confidence": "HIGH",
    "passed": true,
    "domain": "dynamical_systems",
    "findings": {
        "mean_info_loss_bits": 15.298661596265076,
        "commitment_bias": 0.0535523718814965,
        "unstable_ratio": 0.95
    },
    "features": {
        "final_states_stats": {
            "mean": 0.0535523718814965,
            "variance": 0.06668056927080328,
            "max": 0.6846512575114191,
            "min": -0.45265648965556243
        },
        "final_states_entropy": 2.1631618623542086,
        "irreversibility_distribution_stats": {
            "mean": 15.298661596265076,
            "variance": 2.8398992587956425e-29,
            "max": 15.298661596265081,
            "min": 15.298661596265081
        },
        "irreversibility_distribution_entropy": 2.162326589118441e-08
    }
}