{
    "iris": {},
    "wine": {
        "0": 0.7647058823529412
    },
    "synthetic": {
        "0": 0.9732441471571907
    }
}