{
  "class_vs_BoundaryType": {
    "null_mean": 0.0023505165239296683,
    "null_std": 0.0016566815287312007,
    "z_score": 122.88777098745749,
    "p_value": 0.0
  }
}