{
  "G1_Structure_First": {
    "ig_primitives": 0.8572519437714449,
    "ig_class": 0.07453974506724124,
    "null_stats": {
      "real": 0.07453974506724124,
      "mean": 0.0020162624984712764,
      "std": 0.0014203893669270675,
      "p_value": 0.0,
      "z": 51.058874599765865
    },
    "suspected_tautology": false
  },
  "G2_Boundary_First": {
    "ig_primitives": 1.0008080525354812,
    "ig_class": 0.0,
    "null_stats": {
      "real": 0.0,
      "mean": 0.0,
      "std": 0.0,
      "p_value": 1.0,
      "z": 0.0
    },
    "suspected_tautology": false
  },
  "G3_Noisy": {
    "ig_primitives": 0.3212145410760981,
    "ig_class": 0.002536952740996995,
    "null_stats": {
      "real": 0.002536952740996995,
      "mean": 0.001993050051744832,
      "std": 0.0014220264143451533,
      "p_value": 0.2764,
      "z": 0.38248423782101926
    },
    "suspected_tautology": false
  },
  "G4_Human_Templates": {
    "ig_primitives": 0.9296329663345666,
    "ig_class": 1.895315942153364e-05,
    "null_stats": {
      "real": 1.895315942153364e-05,
      "mean": 0.0010046693945652304,
      "std": 0.001025839416680546,
      "p_value": 0.9896,
      "z": -0.9608874635889101
    },
    "suspected_tautology": false
  }
}