{
  "ig_Kernel1": 0.018161102968846182,
  "ig_Kernel2": 0.11012234265429854,
  "ig_Joint": 0.1396653422291258,
  "synergy": 0.011381896605981073,
  "synergy_interpretation": "Additively independent axes"
}