{
  "artifact_hash": "408012ca1b49d2d0d67fb8d30cfba601c7a730a59a68592f9ac8316629f3f206",
  "bootstrap_seed": 42,
  "data": {
    "components": [
      [
        -0.48434185801771545,
        -0.2449582299765105,
        -0.20128423835374412,
        -0.2031055660086784,
        -0.23899736178208095,
        -0.5900185998218799,
        -0.33693675195011685,
        -0.17026039870848278,
        -0.27547150365825057
      ],
      [
        -0.28347910195411885,
        0.013284248917764169,
        0.24767642506672863,
        0.28511631293897527,
        0.12670390495185108,
        -0.47442082343800845,
        0.7252787340486095,
        0.06264125260368111,
        0.07580262670691872
      ],
      [
        0.029646928780238772,
        -0.042907861863885344,
        -0.13359263611946018,
        -0.1151018068637752,
        0.5062576189346994,
        -0.334701547004302,
        -0.2919458289769865,
        0.17725623147628455,
        0.6936933873728209
      ],
      [
        -0.7027295094423548,
        0.48040411520113546,
        0.06988294876072959,
        0.008736015569578951,
        0.33079468139559987,
        0.3205000734129542,
        -0.1590324043194623,
        0.140595750304229,
        -0.11497516791303238
      ],
      [
        0.19038688023340414,
        -0.06530613288279044,
        0.119564229474961,
        -0.1731748333676399,
        0.11564028071246941,
        -0.16924588408767222,
        -0.05604381852733646,
        0.8327015124236414,
        -0.4203013856382287
      ],
      [
        -0.12535463303289213,
        -0.7408097308926195,
        0.18812757631146018,
        0.06078462011344321,
        0.5104012635127132,
        0.2626925065070953,
        -0.005844248848169446,
        -0.16299612656987944,
        -0.2007030350769412
      ],
      [
        -0.009305271223730118,
        0.0552475696960918,
        0.7006607102642008,
        -0.6744374606662527,
        -0.08834553403410293,
        -0.017543038801200745,
        0.024772180383228194,
        -0.15673809881038311,
        0.13332897126456267
      ],
      [
        -0.16488241910088963,
        -0.1999060837989027,
        0.47295485296787626,
        0.5142672270578215,
        -0.41025152619898225,
        0.05465455105257974,
        -0.3674518656500304,
        0.2454853248238657,
        0.2794940407005072
      ],
      [
        -0.33333333333333337,
        -0.3333333333333335,
        -0.3333333333333332,
        -0.33333333333333326,
        -0.33333333333333354,
        0.3333333333333334,
        0.3333333333333331,
        0.33333333333333354,
        0.3333333333333336
      ]
    ],
    "features": [
      "Ont=P0_STATE_LOCAL",
      "Ont=P1_PATTERN_SPATIOTEMPORAL",
      "Ont=P2_GLOBAL_INVARIANT",
      "Ont=P3_ALGORITHMIC_SYNDROME",
      "Ont=P4_DISTRIBUTIONAL_EQUILIBRIUM",
      "S1c=CONTINUOUS",
      "S1c=DISCRETE_SYMBOLIC",
      "S1c=HYBRID",
      "S1c=STOCHASTIC"
    ],
    "singular_values": [
      17.25976647708105,
      14.075810286244332,
      13.13008552182363,
      11.69108247905422,
      10.901854488885794,
      10.520190840332624,
      10.28484694430189,
      9.570190558095625,
      5.2804186744913095e-15
    ],
    "variance_explained": [
      0.24180157373650232,
      0.1608185350765761,
      0.1399343715993527,
      0.11094270254224722,
      0.09646950592275921,
      0.08983312931576172,
      0.08585882846405513,
      0.07434135334274566,
      2.2632160209347857e-32
    ]
  },
  "dataset_hash": "bca19c5253d22a90be3ea77329f285214f0d4b385f6996aa6b7242c95a758d4d",
  "generated_by": "helix.py run",
  "git_commit": "30805124ea6807174aa5f84a3b544d567cdcff7b",
  "schema_version": "1.0.0"
}