{
    "probe_name": "epistemic_irreversibility",
    "signal": 40.000705596211205,
    "confidence": "HIGH",
    "passed": true,
    "domain": "dynamical_systems",
    "findings": {
        "mean_info_loss_bits": 40.000705596211205,
        "commitment_bias": 0.06859874066782325,
        "unstable_ratio": 0.97
    },
    "features": {
        "final_states_stats": {
            "mean": 0.06859874066782325,
            "variance": 0.041123925885374515,
            "max": 0.5139168192708111,
            "min": -0.34660309477024775
        },
        "final_states_entropy": 2.201347065944284,
        "irreversibility_distribution_stats": {
            "mean": 40.000705596211205,
            "variance": 0.0,
            "max": 40.000705596211205,
            "min": 40.000705596211205
        },
        "irreversibility_distribution_entropy": 2.1623265891184758e-08
    }
}