{
    "probe_name": "epistemic_irreversibility",
    "signal": 10.789056491898139,
    "confidence": "HIGH",
    "passed": true,
    "domain": "dynamical_systems",
    "findings": {
        "mean_info_loss_bits": 10.789056491898139,
        "commitment_bias": 0.07313132409803863,
        "unstable_ratio": 0.91
    },
    "features": {
        "final_states_stats": {
            "mean": 0.07313132409803863,
            "variance": 0.08356801805187636,
            "max": 0.8175660578434407,
            "min": -0.8765119590513754
        },
        "final_states_entropy": 1.933144268142863,
        "irreversibility_distribution_stats": {
            "mean": 10.789056491898139,
            "variance": 2.8398992587956425e-29,
            "max": 10.789056491898133,
            "min": 10.789056491898133
        },
        "irreversibility_distribution_entropy": 2.162326589118441e-08
    }
}