{
    "probe_name": "epistemic_irreversibility",
    "signal": 23.363095600131306,
    "confidence": "HIGH",
    "passed": true,
    "domain": "dynamical_systems",
    "findings": {
        "mean_info_loss_bits": 23.363095600131306,
        "commitment_bias": 0.016375851915502164,
        "unstable_ratio": 0.99
    },
    "features": {
        "final_states_stats": {
            "mean": 0.016375851915502164,
            "variance": 0.04591259187700678,
            "max": 0.5338162826387767,
            "min": -0.45755075924383726
        },
        "final_states_entropy": 2.143463163771247,
        "irreversibility_distribution_stats": {
            "mean": 23.363095600131306,
            "variance": 0.0,
            "max": 23.363095600131306,
            "min": 23.363095600131306
        },
        "irreversibility_distribution_entropy": 2.1623265891184758e-08
    }
}