{
    "val_signal": 49.828921423309815,
    "val_passed": 1.0,
    "global_mean": 25.414460711654907,
    "global_variance": 596.065891840941,
    "global_max": 49.828921423309815,
    "entropy": 1.0
}