{
    "probe_name": "epistemic_irreversibility",
    "signal": 49.828921423309815,
    "confidence": "HIGH",
    "passed": true,
    "domain": "dynamical_systems",
    "findings": {
        "mean_info_loss_bits": 49.828921423309815,
        "commitment_bias": 0.01617590181036608,
        "unstable_ratio": 1.0
    },
    "features": {
        "final_states_stats": {
            "mean": 0.01617590181036608,
            "variance": 0.008688803700428533,
            "max": 0.2878642437046676,
            "min": -0.201093461545632
        },
        "final_states_entropy": 2.0247517296222703,
        "irreversibility_distribution_stats": {
            "mean": 49.828921423309815,
            "variance": 2.0194839173657902e-28,
            "max": 49.8289214233098,
            "min": 49.8289214233098
        },
        "irreversibility_distribution_entropy": 2.1623265891184758e-08
    }
}