{
    "val_signal": 15.298661596265076,
    "val_passed": 1.0,
    "global_mean": 8.149330798132539,
    "global_variance": 51.11293086112643,
    "global_max": 15.298661596265076,
    "entropy": 1.0
}