{
    "dCFS_dFanIn": [
        0.1073689641196038,
        0.06208580536066492,
        0.0739186355480654,
        0.10124859787131361,
        0.10886975764917589
    ],
    "dCFS_dCycleDensity": [
        1.8460897838524226,
        1.5093189874018016,
        1.7249422188897616,
        1.8047152283389134,
        1.570125258258996
    ],
    "dSDR_dValidationDensity": [
        -0.4869591751055876,
        -0.42419670678449567,
        -0.4182587779095175,
        -0.4990251860482909,
        -0.4766780750282328
    ],
    "dOD_dTraceDensity": [
        -0.6734234540944188,
        -0.7920392090948409,
        -0.733867813387791,
        -0.5582542244501576,
        -0.5128360783379655
    ]
}