{
    "probe_name": "epistemic_irreversibility",
    "signal": 10.789056491898139,
    "confidence": "HIGH",
    "passed": true,
    "domain": "dynamical_systems",
    "findings": {
        "mean_info_loss_bits": 10.789056491898139,
        "commitment_bias": 0.06570134969615198,
        "unstable_ratio": 0.83
    },
    "features": {
        "final_states_stats": {
            "mean": 0.06570134969615198,
            "variance": 0.1231919132151828,
            "max": 0.8310013472515319,
            "min": -1.0089435980809462
        },
        "final_states_entropy": 1.996822929471684,
        "irreversibility_distribution_stats": {
            "mean": 10.789056491898139,
            "variance": 2.8398992587956425e-29,
            "max": 10.789056491898133,
            "min": 10.789056491898133
        },
        "irreversibility_distribution_entropy": 2.162326589118441e-08
    }
}