{
    "val_signal": 30.024867952375686,
    "val_passed": 1.0,
    "global_mean": 15.512433976187843,
    "global_variance": 210.6107399132113,
    "global_max": 30.024867952375686,
    "entropy": 1.0
}