{
    "probe_name": "epistemic_irreversibility",
    "signal": 30.024867952375686,
    "confidence": "HIGH",
    "passed": true,
    "domain": "dynamical_systems",
    "findings": {
        "mean_info_loss_bits": 30.024867952375686,
        "commitment_bias": 0.02878465925044574,
        "unstable_ratio": 1.0
    },
    "features": {
        "final_states_stats": {
            "mean": 0.02878465925044574,
            "variance": 0.03097207994441981,
            "max": 0.4367870234561252,
            "min": -0.31018143486234184
        },
        "final_states_entropy": 2.194367875006107,
        "irreversibility_distribution_stats": {
            "mean": 30.024867952375686,
            "variance": 1.262177448353619e-29,
            "max": 30.024867952375683,
            "min": 30.024867952375683
        },
        "irreversibility_distribution_entropy": 2.1623265891184758e-08
    }
}