{
    "iris": {
        "pss": 0.7331001969294346,
        "bas": 0.9555555555555556,
        "csi": 0.051975308641975304,
        "acc_full": 1.0,
        "acc_comp": 0.9111111111111111,
        "fragility_gradient": 0.12222222222222212,
        "verdict": "HYBRID",
        "relevance": "N/A",
        "hostility_accs": [
            0.4,
            0.9111111111111111,
            0.8666666666666667,
            0.9777777777777777
        ]
    },
    "wine": {
        "pss": 0.10631289598668842,
        "bas": 0.6666666666666666,
        "csi": 0.040359224965706444,
        "acc_full": 1.0,
        "acc_comp": 0.7407407407407407,
        "fragility_gradient": 0.1342592592592592,
        "verdict": "BIC",
        "relevance": "POTENTIAL_COMPRESSION",
        "hostility_accs": [
            0.25925925925925924,
            0.7407407407407407,
            0.7037037037037037,
            0.7222222222222222
        ]
    },
    "breast_cancer": {
        "pss": 0.1569836832531828,
        "bas": 0.9216867469879517,
        "csi": 0.07430491433261516,
        "acc_full": 0.9707602339181286,
        "acc_comp": 0.8538011695906432,
        "fragility_gradient": 0.16081871345029242,
        "verdict": "HYBRID",
        "relevance": "N/A",
        "hostility_accs": [
            0.2222222222222222,
            0.8538011695906432,
            0.8187134502923976,
            0.8771929824561403
        ]
    },
    "high_redundancy": {
        "pss": 0.9054790112464284,
        "bas": 0.6783216783216782,
        "csi": 0.003766666666666666,
        "acc_full": 0.9533333333333334,
        "acc_comp": 0.62,
        "fragility_gradient": 0.05666666666666664,
        "verdict": "HYBRID",
        "relevance": "N/A",
        "hostility_accs": [
            0.46,
            0.62,
            0.5933333333333334,
            0.58
        ]
    },
    "imbalanced": {
        "pss": 0.8242504011091089,
        "bas": 0.8701754385964912,
        "csi": 1.666666666666633e-05,
        "acc_full": 0.95,
        "acc_comp": 0.8166666666666667,
        "fragility_gradient": 0.0,
        "verdict": "HYBRID",
        "relevance": "N/A",
        "hostility_accs": [
            0.82,
            0.8166666666666667,
            0.82,
            0.81
        ]
    }
}