{
    "probe_name": "epistemic_irreversibility",
    "signal": 8.014972360327507,
    "confidence": "HIGH",
    "passed": true,
    "domain": "dynamical_systems",
    "findings": {
        "mean_info_loss_bits": 8.014972360327507,
        "commitment_bias": 0.01582846561440325,
        "unstable_ratio": 0.81
    },
    "features": {
        "final_states_stats": {
            "mean": 0.01582846561440325,
            "variance": 0.1297822440807831,
            "max": 0.7673617920977646,
            "min": -0.6979397036074595
        },
        "final_states_entropy": 2.2384282446693504,
        "irreversibility_distribution_stats": {
            "mean": 8.014972360327507,
            "variance": 3.1554436208840472e-30,
            "max": 8.014972360327508,
            "min": 8.014972360327508
        },
        "irreversibility_distribution_entropy": 2.162326589118441e-08
    }
}