{
    "probe_name": "epistemic_irreversibility",
    "signal": 8.014972360327507,
    "confidence": "HIGH",
    "passed": true,
    "domain": "dynamical_systems",
    "findings": {
        "mean_info_loss_bits": 8.014972360327507,
        "commitment_bias": 0.026712554429260717,
        "unstable_ratio": 0.82
    },
    "features": {
        "final_states_stats": {
            "mean": 0.026712554429260717,
            "variance": 0.12297024021115785,
            "max": 0.8520810106022523,
            "min": -0.736530064880722
        },
        "final_states_entropy": 2.1413019146599237,
        "irreversibility_distribution_stats": {
            "mean": 8.014972360327507,
            "variance": 3.1554436208840472e-30,
            "max": 8.014972360327508,
            "min": 8.014972360327508
        },
        "irreversibility_distribution_entropy": 2.162326589118441e-08
    }
}