{
    "probe_name": "epistemic_irreversibility",
    "signal": 18.69541954885087,
    "confidence": "HIGH",
    "passed": true,
    "domain": "dynamical_systems",
    "findings": {
        "mean_info_loss_bits": 18.69541954885087,
        "commitment_bias": 0.04963677981193019,
        "unstable_ratio": 0.94
    },
    "features": {
        "final_states_stats": {
            "mean": 0.04963677981193019,
            "variance": 0.06281984470030824,
            "max": 0.6034999012355374,
            "min": -0.4930506090635822
        },
        "final_states_entropy": 2.191169194127844,
        "irreversibility_distribution_stats": {
            "mean": 18.69541954885087,
            "variance": 1.262177448353619e-29,
            "max": 18.695419548850868,
            "min": 18.695419548850868
        },
        "irreversibility_distribution_entropy": 2.1623265891184758e-08
    }
}