{
    "val_signal": 30.069359132070364,
    "val_passed": 1.0,
    "global_mean": 15.534679566035182,
    "global_variance": 211.25691008732068,
    "global_max": 30.069359132070364,
    "entropy": 1.0
}