{
    "val_signal": 49.80798493677298,
    "val_passed": 1.0,
    "global_mean": 25.40399246838649,
    "global_variance": 595.5548483970646,
    "global_max": 49.80798493677298,
    "entropy": 1.0
}