{
    "probe_name": "epistemic_irreversibility",
    "signal": 49.80798493677298,
    "confidence": "HIGH",
    "passed": true,
    "domain": "dynamical_systems",
    "findings": {
        "mean_info_loss_bits": 49.80798493677298,
        "commitment_bias": 0.04204288168466044,
        "unstable_ratio": 1.0
    },
    "features": {
        "final_states_stats": {
            "mean": 0.04204288168466044,
            "variance": 0.01629706039063631,
            "max": 0.31887749813682376,
            "min": -0.3242585760657187
        },
        "final_states_entropy": 2.069314855816267,
        "irreversibility_distribution_stats": {
            "mean": 49.80798493677298,
            "variance": 5.048709793414476e-29,
            "max": 49.807984936772975,
            "min": 49.807984936772975
        },
        "irreversibility_distribution_entropy": 2.1623265891184758e-08
    }
}