{
    "Spearman_SRD_vs_CollapseSpeed": -0.7695216907675195,
    "Spearman_MaxDegree_vs_CollapseSpeed": -0.08075639599555062,
    "Delta_Uplift": 0.6887652947719689
}