{
    "probe_name": "epistemic_irreversibility",
    "signal": 49.82892142331041,
    "confidence": "HIGH",
    "passed": true,
    "domain": "dynamical_systems",
    "findings": {
        "mean_info_loss_bits": 49.82892142331041,
        "commitment_bias": 0.023316903364221268,
        "unstable_ratio": 1.0
    },
    "features": {
        "final_states_stats": {
            "mean": 0.023316903364221268,
            "variance": 0.003959608313414722,
            "max": 0.14086264449216923,
            "min": -0.17557641303477492
        },
        "final_states_entropy": 2.052399743907674,
        "irreversibility_distribution_stats": {
            "mean": 49.82892142331041,
            "variance": 4.543838814073028e-28,
            "max": 49.82892142331043,
            "min": 49.82892142331043
        },
        "irreversibility_distribution_entropy": 2.1623265891184758e-08
    }
}