{
    "probe_name": "epistemic_irreversibility",
    "signal": 12.75005740046325,
    "confidence": "HIGH",
    "passed": true,
    "domain": "dynamical_systems",
    "findings": {
        "mean_info_loss_bits": 12.75005740046325,
        "commitment_bias": 0.011508055201291237,
        "unstable_ratio": 0.87
    },
    "features": {
        "final_states_stats": {
            "mean": 0.011508055201291237,
            "variance": 0.1053645580504079,
            "max": 0.7816771074410402,
            "min": -0.88530169634316
        },
        "final_states_entropy": 2.0416718034634447,
        "irreversibility_distribution_stats": {
            "mean": 12.75005740046325,
            "variance": 3.1554436208840472e-30,
            "max": 12.750057400463252,
            "min": 12.750057400463252
        },
        "irreversibility_distribution_entropy": 2.162326589118441e-08
    }
}