{
    "val_signal": 10.012690937093875,
    "val_passed": 1.0,
    "global_mean": 5.506345468546938,
    "global_variance": 20.30714948189352,
    "global_max": 10.012690937093875,
    "entropy": 1.0
}