{
    "probe_name": "epistemic_irreversibility",
    "signal": 8.014972360327507,
    "confidence": "HIGH",
    "passed": true,
    "domain": "dynamical_systems",
    "findings": {
        "mean_info_loss_bits": 8.014972360327507,
        "commitment_bias": -0.02191881809933966,
        "unstable_ratio": 0.92
    },
    "features": {
        "final_states_stats": {
            "mean": -0.02191881809933966,
            "variance": 0.09879977449835,
            "max": 0.6830707630746786,
            "min": -0.9322161518840848
        },
        "final_states_entropy": 2.058575509832316,
        "irreversibility_distribution_stats": {
            "mean": 8.014972360327507,
            "variance": 3.1554436208840472e-30,
            "max": 8.014972360327508,
            "min": 8.014972360327508
        },
        "irreversibility_distribution_entropy": 2.162326589118441e-08
    }
}