{
    "probe_name": "epistemic_irreversibility",
    "signal": 10.789056491898139,
    "confidence": "HIGH",
    "passed": true,
    "domain": "dynamical_systems",
    "findings": {
        "mean_info_loss_bits": 10.789056491898139,
        "commitment_bias": 0.03481332203708547,
        "unstable_ratio": 0.9
    },
    "features": {
        "final_states_stats": {
            "mean": 0.03481332203708547,
            "variance": 0.09861830025956105,
            "max": 0.7652263219973594,
            "min": -0.8588625184996179
        },
        "final_states_entropy": 2.0144181169311572,
        "irreversibility_distribution_stats": {
            "mean": 10.789056491898139,
            "variance": 2.8398992587956425e-29,
            "max": 10.789056491898133,
            "min": 10.789056491898133
        },
        "irreversibility_distribution_entropy": 2.162326589118441e-08
    }
}