{
    "val_signal": 10.73499385969915,
    "val_passed": 1.0,
    "global_mean": 5.867496929849575,
    "global_variance": 23.69252636209504,
    "global_max": 10.73499385969915,
    "entropy": 1.0
}