{
    "probe_name": "epistemic_irreversibility",
    "signal": 10.73499385969915,
    "confidence": "HIGH",
    "passed": true,
    "domain": "dynamical_systems",
    "findings": {
        "mean_info_loss_bits": 10.73499385969915,
        "commitment_bias": 0.095199031021551,
        "unstable_ratio": 0.89
    },
    "features": {
        "final_states_stats": {
            "mean": 0.095199031021551,
            "variance": 0.09578568357925367,
            "max": 0.7138204630798162,
            "min": -0.6115850611425113
        },
        "final_states_entropy": 2.1672898405863164,
        "irreversibility_distribution_stats": {
            "mean": 10.73499385969915,
            "variance": 3.1554436208840472e-30,
            "max": 10.734993859699149,
            "min": 10.734993859699149
        },
        "irreversibility_distribution_entropy": 2.162326589118441e-08
    }
}