{
    "val_signal": 49.82892114504928,
    "val_passed": 1.0,
    "global_mean": 25.41446057252464,
    "global_variance": 596.0658850473601,
    "global_max": 49.82892114504928,
    "entropy": 1.0
}