{
    "probe_name": "epistemic_irreversibility",
    "signal": 49.82892114504928,
    "confidence": "HIGH",
    "passed": true,
    "domain": "dynamical_systems",
    "findings": {
        "mean_info_loss_bits": 49.82892114504928,
        "commitment_bias": 0.9159342951734089,
        "unstable_ratio": 0.0
    },
    "features": {
        "final_states_stats": {
            "mean": 0.9159342951734089,
            "variance": 0.18291669961184895,
            "max": 1.1254449799868214,
            "min": -1.0319113524917292
        },
        "final_states_entropy": 0.2955178541125233,
        "irreversibility_distribution_stats": {
            "mean": 49.82892114504928,
            "variance": 5.048709793414476e-29,
            "max": 49.828921145049286,
            "min": 49.828921145049286
        },
        "irreversibility_distribution_entropy": 2.1623265891184758e-08
    }
}