{
    "val_signal": 49.82892142321601,
    "val_passed": 1.0,
    "global_mean": 25.414460711608005,
    "global_variance": 596.0658918386508,
    "global_max": 49.82892142321601,
    "entropy": 1.0
}