{
    "val_signal": 13.197318734216422,
    "val_passed": 1.0,
    "global_mean": 7.098659367108211,
    "global_variance": 37.19364607601673,
    "global_max": 13.197318734216422,
    "entropy": 1.0
}