{
    "probe_name": "epistemic_irreversibility",
    "signal": 13.197318734216422,
    "confidence": "HIGH",
    "passed": true,
    "domain": "dynamical_systems",
    "findings": {
        "mean_info_loss_bits": 13.197318734216422,
        "commitment_bias": 0.04421348502940548,
        "unstable_ratio": 0.91
    },
    "features": {
        "final_states_stats": {
            "mean": 0.04421348502940548,
            "variance": 0.07844779012052588,
            "max": 0.6746053948949495,
            "min": -0.6398214016709799
        },
        "final_states_entropy": 2.091495440105339,
        "irreversibility_distribution_stats": {
            "mean": 13.197318734216422,
            "variance": 1.262177448353619e-29,
            "max": 13.197318734216418,
            "min": 13.197318734216418
        },
        "irreversibility_distribution_entropy": 2.162326589118441e-08
    }
}