{
    "val_signal": 22.551878443829487,
    "val_passed": 1.0,
    "global_mean": 11.775939221914744,
    "global_variance": 116.12086611440053,
    "global_max": 22.551878443829487,
    "entropy": 1.0
}