{
    "probe_name": "epistemic_irreversibility",
    "signal": 22.551878443829487,
    "confidence": "HIGH",
    "passed": true,
    "domain": "dynamical_systems",
    "findings": {
        "mean_info_loss_bits": 22.551878443829487,
        "commitment_bias": 0.03600950707822959,
        "unstable_ratio": 0.99
    },
    "features": {
        "final_states_stats": {
            "mean": 0.03600950707822959,
            "variance": 0.04416934954376086,
            "max": 0.43533163024067684,
            "min": -0.6082686170212162
        },
        "final_states_entropy": 2.046677341180772,
        "irreversibility_distribution_stats": {
            "mean": 22.551878443829487,
            "variance": 1.262177448353619e-29,
            "max": 22.551878443829484,
            "min": 22.551878443829484
        },
        "irreversibility_distribution_entropy": 2.1623265891184758e-08
    }
}