{
  "experiment": "network_consensus",
  "features": {
    "network_metrics": {
      "nodes": 20,
      "edges": 40,
      "density": 0.21052631578947367,
      "clustering": 0.3861904761904762
    },
    "final_variance": 5.170743516786748e-07,
    "convergence_step": 51
  }
}