{
  "C1": {
    "dependencies": {
      "P1": 0.0,
      "P2": 0.0,
      "P3": 0.0,
      "P4": 0.0,
      "P5": 0.0,
      "P6": 0.0
    },
    "classification": "COMPLEX COMPOUND"
  },
  "C2": {
    "dependencies": {
      "P1": 0.0,
      "P2": 0.0,
      "P3": 0.0,
      "P4": 0.0,
      "P5": 0.0,
      "P6": 0.0
    },
    "classification": "COMPLEX COMPOUND"
  },
  "C3": {
    "dependencies": {
      "P1": 0.000830782026787522,
      "P2": 0.0003859741441575973,
      "P3": 0.0,
      "P4": 0.0038233797958855944,
      "P5": 0.0,
      "P6": 0.9949598640331693
    },
    "classification": "MONO-DEPENDENT"
  },
  "C4": {
    "dependencies": {
      "P1": 0.07851166366722158,
      "P2": 0.0010146058378381255,
      "P3": 0.21877481403800944,
      "P4": 0.10712279564927692,
      "P5": 0.4668921811048641,
      "P6": 0.12768393970278996
    },
    "classification": "BINARY COMPOUND"
  }
}