{
    "probe_name": "epistemic_irreversibility",
    "signal": 15.298661596265076,
    "confidence": "HIGH",
    "passed": true,
    "domain": "dynamical_systems",
    "findings": {
        "mean_info_loss_bits": 15.298661596265076,
        "commitment_bias": 0.024975157896543806,
        "unstable_ratio": 0.94
    },
    "features": {
        "final_states_stats": {
            "mean": 0.024975157896543806,
            "variance": 0.07794329368849282,
            "max": 0.7267402430121116,
            "min": -0.6575127032893207
        },
        "final_states_entropy": 2.103711426962394,
        "irreversibility_distribution_stats": {
            "mean": 15.298661596265076,
            "variance": 2.8398992587956425e-29,
            "max": 15.298661596265081,
            "min": 15.298661596265081
        },
        "irreversibility_distribution_entropy": 2.162326589118441e-08
    }
}