{
    "probe_name": "epistemic_irreversibility",
    "signal": 15.298661596265076,
    "confidence": "HIGH",
    "passed": true,
    "domain": "dynamical_systems",
    "findings": {
        "mean_info_loss_bits": 15.298661596265076,
        "commitment_bias": 0.06596875822976003,
        "unstable_ratio": 0.96
    },
    "features": {
        "final_states_stats": {
            "mean": 0.06596875822976003,
            "variance": 0.0582449173008725,
            "max": 0.6935309056990142,
            "min": -0.4330157666269371
        },
        "final_states_entropy": 2.120861243781133,
        "irreversibility_distribution_stats": {
            "mean": 15.298661596265076,
            "variance": 2.8398992587956425e-29,
            "max": 15.298661596265081,
            "min": 15.298661596265081
        },
        "irreversibility_distribution_entropy": 2.162326589118441e-08
    }
}