{
    "probe_name": "epistemic_irreversibility",
    "signal": 9.247984523551002,
    "confidence": "HIGH",
    "passed": true,
    "domain": "dynamical_systems",
    "findings": {
        "mean_info_loss_bits": 9.247984523551002,
        "commitment_bias": 0.07325593315942579,
        "unstable_ratio": 0.83
    },
    "features": {
        "final_states_stats": {
            "mean": 0.07325593315942579,
            "variance": 0.12006927261719898,
            "max": 0.7871829397474338,
            "min": -0.8386675408566271
        },
        "final_states_entropy": 2.115115874040202,
        "irreversibility_distribution_stats": {
            "mean": 9.247984523551002,
            "variance": 0.0,
            "max": 9.247984523551002,
            "min": 9.247984523551002
        },
        "irreversibility_distribution_entropy": 2.162326589118441e-08
    }
}