{
    "probe_name": "epistemic_irreversibility",
    "signal": 49.82892142331041,
    "confidence": "HIGH",
    "passed": true,
    "domain": "dynamical_systems",
    "findings": {
        "mean_info_loss_bits": 49.82892142331041,
        "commitment_bias": 0.03235586497218681,
        "unstable_ratio": 1.0
    },
    "features": {
        "final_states_stats": {
            "mean": 0.03235586497218681,
            "variance": 0.0014105871706889721,
            "max": 0.1175959034274532,
            "min": -0.09288888307524949
        },
        "final_states_entropy": 1.9534448144249066,
        "irreversibility_distribution_stats": {
            "mean": 49.82892142331041,
            "variance": 4.543838814073028e-28,
            "max": 49.82892142331043,
            "min": 49.82892142331043
        },
        "irreversibility_distribution_entropy": 2.1623265891184758e-08
    }
}