{
    "probe_name": "epistemic_irreversibility",
    "signal": 8.014972360327507,
    "confidence": "HIGH",
    "passed": true,
    "domain": "dynamical_systems",
    "findings": {
        "mean_info_loss_bits": 8.014972360327507,
        "commitment_bias": 0.0681905383270671,
        "unstable_ratio": 0.84
    },
    "features": {
        "final_states_stats": {
            "mean": 0.0681905383270671,
            "variance": 0.10735952823503067,
            "max": 0.7357180593336466,
            "min": -0.8126578776913435
        },
        "final_states_entropy": 2.11145470058333,
        "irreversibility_distribution_stats": {
            "mean": 8.014972360327507,
            "variance": 3.1554436208840472e-30,
            "max": 8.014972360327508,
            "min": 8.014972360327508
        },
        "irreversibility_distribution_entropy": 2.162326589118441e-08
    }
}