{
    "probe_name": "epistemic_irreversibility",
    "signal": 18.69541954885087,
    "confidence": "HIGH",
    "passed": true,
    "domain": "dynamical_systems",
    "findings": {
        "mean_info_loss_bits": 18.69541954885087,
        "commitment_bias": 0.0761672323321493,
        "unstable_ratio": 0.99
    },
    "features": {
        "final_states_stats": {
            "mean": 0.0761672323321493,
            "variance": 0.05047798727610475,
            "max": 0.5378922191900879,
            "min": -0.4368523525197671
        },
        "final_states_entropy": 2.191406699702124,
        "irreversibility_distribution_stats": {
            "mean": 18.69541954885087,
            "variance": 1.262177448353619e-29,
            "max": 18.695419548850868,
            "min": 18.695419548850868
        },
        "irreversibility_distribution_entropy": 2.1623265891184758e-08
    }
}