{
    "val_signal": 40.000705596211205,
    "val_passed": 1.0,
    "global_mean": 20.500352798105602,
    "global_variance": 380.263759250585,
    "global_max": 40.000705596211205,
    "entropy": 1.0
}