{
    "val_signal": 26.177510932274348,
    "val_passed": 1.0,
    "global_mean": 13.588755466137174,
    "global_variance": 158.47676418619858,
    "global_max": 26.177510932274348,
    "entropy": 1.0
}