{
  "inter_annotator_kappa": 0.8041666666666666,
  "final_verdict": "K2_FAILS_EXTERNAL",
  "results_by_pack": {
    "Pack_A": {
      "verdict": "K2_FAILS_EXTERNAL",
      "metrics": {
        "ig_primitives": 0.5780941993773135,
        "ig_class": 0.022714808265937456,
        "conditional_ig": 0.004372296071676815,
        "leakage_acc": 0.5866666666666667,
        "null_z": 1.288706916468773,
        "null_p": 0.109,
        "max_dropout_drift": 0.011002195295896014
      }
    },
    "Pack_B": {
      "verdict": "K2_FAILS_EXTERNAL",
      "metrics": {
        "ig_primitives": 0.5603537989749815,
        "ig_class": 6.61612149029378e-05,
        "conditional_ig": -0.01429652645082199,
        "leakage_acc": 0.5533333333333333,
        "null_z": -1.1907996293899097,
        "null_p": 1.0,
        "max_dropout_drift": 0.005258588921729526
      }
    },
    "A_Union_B": {
      "verdict": "K2_FAILS_EXTERNAL",
      "metrics": {
        "ig_primitives": 0.5170142832088287,
        "ig_class": 0.003232056955909987,
        "conditional_ig": -0.006500471256007945,
        "leakage_acc": 0.5466666666666666,
        "null_z": -0.4417818925249014,
        "null_p": 0.5926,
        "max_dropout_drift": 0.003535523826641376
      }
    },
    "A_Union_B_Union_F": {
      "verdict": "K2_ROBUST_EXTERNAL",
      "metrics": {
        "ig_primitives": 0.6484379680204816,
        "ig_class": 0.017782434761434568,
        "conditional_ig": -0.020579730160906168,
        "leakage_acc": 0.5388888888888889,
        "null_z": 3.8687216345898165,
        "null_p": 0.006,
        "max_dropout_drift": 0.006240715871408429
      }
    }
  },
  "k2_falsified": false
}