{
  "Pack_A": {
    "ig_k1": 0.1834251219426064,
    "ig_k2": 0.022714808265937456,
    "ig_k1_k2": 0.2747545552792892,
    "synergy": 0.06861462507074535
  },
  "Pack_B": {
    "ig_k1": 0.14362687665724927,
    "ig_k2": 6.61612149029378e-05,
    "ig_k1_k2": 0.2822383555472008,
    "synergy": 0.13854531767504857
  },
  "A_Union_B": {
    "ig_k1": 0.0973252821191793,
    "ig_k2": 0.003232056955909987,
    "ig_k1_k2": 0.18668954288635062,
    "synergy": 0.08613220381126133
  },
  "A_Union_B_Union_F": {
    "ig_k1": 0.38362164922340736,
    "ig_k2": 0.017782434761434568,
    "ig_k1_k2": 0.4580918665293833,
    "synergy": 0.05668778254454135
  }
}