{
    "probe_name": "epistemic_irreversibility",
    "signal": 9.247984523551002,
    "confidence": "HIGH",
    "passed": true,
    "domain": "dynamical_systems",
    "findings": {
        "mean_info_loss_bits": 9.247984523551002,
        "commitment_bias": -0.0020753531024954885,
        "unstable_ratio": 0.9
    },
    "features": {
        "final_states_stats": {
            "mean": -0.0020753531024954885,
            "variance": 0.0921253182950286,
            "max": 0.586866259853543,
            "min": -0.6500847057211128
        },
        "final_states_entropy": 2.2135502093603634,
        "irreversibility_distribution_stats": {
            "mean": 9.247984523551002,
            "variance": 0.0,
            "max": 9.247984523551002,
            "min": 9.247984523551002
        },
        "irreversibility_distribution_entropy": 2.162326589118441e-08
    }
}