{
    "probe_name": "epistemic_irreversibility",
    "signal": 49.80798493677298,
    "confidence": "HIGH",
    "passed": true,
    "domain": "dynamical_systems",
    "findings": {
        "mean_info_loss_bits": 49.80798493677298,
        "commitment_bias": 0.0629709258609304,
        "unstable_ratio": 1.0
    },
    "features": {
        "final_states_stats": {
            "mean": 0.0629709258609304,
            "variance": 0.022881220752771773,
            "max": 0.4375660429997911,
            "min": -0.28522783678457303
        },
        "final_states_entropy": 2.094405411582935,
        "irreversibility_distribution_stats": {
            "mean": 49.80798493677298,
            "variance": 5.048709793414476e-29,
            "max": 49.807984936772975,
            "min": 49.807984936772975
        },
        "irreversibility_distribution_entropy": 2.1623265891184758e-08
    }
}