{
    "probe_name": "epistemic_irreversibility",
    "signal": 12.75005740046325,
    "confidence": "HIGH",
    "passed": true,
    "domain": "dynamical_systems",
    "findings": {
        "mean_info_loss_bits": 12.75005740046325,
        "commitment_bias": 0.045742742431274935,
        "unstable_ratio": 0.86
    },
    "features": {
        "final_states_stats": {
            "mean": 0.045742742431274935,
            "variance": 0.1023446023285878,
            "max": 0.7144187715605006,
            "min": -0.7280940017504772
        },
        "final_states_entropy": 2.150248522115644,
        "irreversibility_distribution_stats": {
            "mean": 12.75005740046325,
            "variance": 3.1554436208840472e-30,
            "max": 12.750057400463252,
            "min": 12.750057400463252
        },
        "irreversibility_distribution_entropy": 2.162326589118441e-08
    }
}