{
    "val_signal": 7.719053124361626,
    "val_passed": 1.0,
    "global_mean": 4.359526562180813,
    "global_variance": 11.28641872199843,
    "global_max": 7.719053124361626,
    "entropy": 1.0
}