{
    "probe_name": "epistemic_irreversibility",
    "signal": 7.719053124361626,
    "confidence": "HIGH",
    "passed": true,
    "domain": "dynamical_systems",
    "findings": {
        "mean_info_loss_bits": 7.719053124361626,
        "commitment_bias": 0.008668602229085363,
        "unstable_ratio": 0.8
    },
    "features": {
        "final_states_stats": {
            "mean": 0.008668602229085363,
            "variance": 0.14459208479987115,
            "max": 0.9533668905265053,
            "min": -0.7750981279477155
        },
        "final_states_entropy": 2.1279147488136547,
        "irreversibility_distribution_stats": {
            "mean": 7.719053124361626,
            "variance": 7.099748146989106e-30,
            "max": 7.719053124361628,
            "min": 7.719053124361628
        },
        "irreversibility_distribution_entropy": 2.1623265891184582e-08
    }
}