{
    "probe_name": "epistemic_irreversibility",
    "signal": 15.298661596265076,
    "confidence": "HIGH",
    "passed": true,
    "domain": "dynamical_systems",
    "findings": {
        "mean_info_loss_bits": 15.298661596265076,
        "commitment_bias": 0.0306366000753358,
        "unstable_ratio": 0.93
    },
    "features": {
        "final_states_stats": {
            "mean": 0.0306366000753358,
            "variance": 0.07155432571975805,
            "max": 0.6086932456958752,
            "min": -0.6181452487128063
        },
        "final_states_entropy": 2.1546393610452843,
        "irreversibility_distribution_stats": {
            "mean": 15.298661596265076,
            "variance": 2.8398992587956425e-29,
            "max": 15.298661596265081,
            "min": 15.298661596265081
        },
        "irreversibility_distribution_entropy": 2.162326589118441e-08
    }
}