{
    "probe_name": "epistemic_irreversibility",
    "signal": 8.014972360327507,
    "confidence": "HIGH",
    "passed": true,
    "domain": "dynamical_systems",
    "findings": {
        "mean_info_loss_bits": 8.014972360327507,
        "commitment_bias": 0.07393800722064359,
        "unstable_ratio": 0.86
    },
    "features": {
        "final_states_stats": {
            "mean": 0.07393800722064359,
            "variance": 0.11097695845040943,
            "max": 0.766653667144083,
            "min": -0.7651873816778191
        },
        "final_states_entropy": 2.130189907085876,
        "irreversibility_distribution_stats": {
            "mean": 8.014972360327507,
            "variance": 3.1554436208840472e-30,
            "max": 8.014972360327508,
            "min": 8.014972360327508
        },
        "irreversibility_distribution_entropy": 2.162326589118441e-08
    }
}