{
    "R2_Centrality": 0.6192012279032302,
    "R2_SRD": 0.005158016405410833,
    "Delta_R2": 0.0,
    "VIF": 1.0500118382776937,
    "Classification": "CENTRALITY_COMPOSITE"
}