test,acc,ig
merged_geo,0.46875,0.6184720265043313
