{
    "val_signal": 19.567803299569967,
    "val_passed": 1.0,
    "global_mean": 10.283901649784983,
    "global_variance": 86.19082984288033,
    "global_max": 19.567803299569967,
    "entropy": 1.0
}