{
    "probe_name": "epistemic_irreversibility",
    "signal": 40.000705596211205,
    "confidence": "HIGH",
    "passed": true,
    "domain": "dynamical_systems",
    "findings": {
        "mean_info_loss_bits": 40.000705596211205,
        "commitment_bias": 0.023041658389287557,
        "unstable_ratio": 1.0
    },
    "features": {
        "final_states_stats": {
            "mean": 0.023041658389287557,
            "variance": 0.029383383698981178,
            "max": 0.4719137800376007,
            "min": -0.486571740778571
        },
        "final_states_entropy": 1.9643811495743468,
        "irreversibility_distribution_stats": {
            "mean": 40.000705596211205,
            "variance": 0.0,
            "max": 40.000705596211205,
            "min": 40.000705596211205
        },
        "irreversibility_distribution_entropy": 2.1623265891184758e-08
    }
}