{
    "val_signal": 49.82892142331029,
    "val_passed": 1.0,
    "global_mean": 25.414460711655146,
    "global_variance": 596.0658918409526,
    "global_max": 49.82892142331029,
    "entropy": 1.0
}