{
    "probe_name": "epistemic_irreversibility",
    "signal": 49.82892142331029,
    "confidence": "HIGH",
    "passed": true,
    "domain": "dynamical_systems",
    "findings": {
        "mean_info_loss_bits": 49.82892142331029,
        "commitment_bias": 0.02130185619653077,
        "unstable_ratio": 1.0
    },
    "features": {
        "final_states_stats": {
            "mean": 0.02130185619653077,
            "variance": 0.01283361992967391,
            "max": 0.2653800566862682,
            "min": -0.28620846364152397
        },
        "final_states_entropy": 2.0879306079429965,
        "irreversibility_distribution_stats": {
            "mean": 49.82892142331029,
            "variance": 2.0194839173657902e-28,
            "max": 49.828921423310305,
            "min": 49.828921423310305
        },
        "irreversibility_distribution_entropy": 2.1623265891184758e-08
    }
}