{
    "val_signal": 4.50842197460034,
    "val_passed": 0.0,
    "global_mean": 2.25421098730017,
    "global_variance": 5.081467175264808,
    "global_max": 4.50842197460034,
    "entropy": 1.0
}