{
    "probe_name": "epistemic_irreversibility",
    "signal": 4.50842197460034,
    "confidence": "LOW",
    "passed": false,
    "domain": "dynamical_systems",
    "findings": {
        "mean_info_loss_bits": 4.50842197460034,
        "commitment_bias": 0.046256477539124485,
        "unstable_ratio": 0.69
    },
    "features": {
        "final_states_stats": {
            "mean": 0.046256477539124485,
            "variance": 0.22805534061983718,
            "max": 0.9896097818574507,
            "min": -1.132941208589758
        },
        "final_states_entropy": 2.17188886436179,
        "irreversibility_distribution_stats": {
            "mean": 4.50842197460034,
            "variance": 7.888609052210118e-31,
            "max": 4.508421974600339,
            "min": 4.508421974600339
        },
        "irreversibility_distribution_entropy": 2.1623265891184582e-08
    }
}