{
    "probe_name": "epistemic_irreversibility",
    "signal": 49.82892142331041,
    "confidence": "HIGH",
    "passed": true,
    "domain": "dynamical_systems",
    "findings": {
        "mean_info_loss_bits": 49.82892142331041,
        "commitment_bias": 1.088278864496066,
        "unstable_ratio": 0.0
    },
    "features": {
        "final_states_stats": {
            "mean": 1.088278864496066,
            "variance": 1.952631173761565e-05,
            "max": 1.0996587484659814,
            "min": 1.0775240276067144
        },
        "final_states_entropy": 2.037805174569466,
        "irreversibility_distribution_stats": {
            "mean": 49.82892142331041,
            "variance": 4.543838814073028e-28,
            "max": 49.82892142331043,
            "min": 49.82892142331043
        },
        "irreversibility_distribution_entropy": 2.1623265891184758e-08
    }
}