{
    "probe_name": "epistemic_irreversibility",
    "signal": 23.363095600131306,
    "confidence": "HIGH",
    "passed": true,
    "domain": "dynamical_systems",
    "findings": {
        "mean_info_loss_bits": 23.363095600131306,
        "commitment_bias": 0.06044770887716657,
        "unstable_ratio": 0.98
    },
    "features": {
        "final_states_stats": {
            "mean": 0.06044770887716657,
            "variance": 0.04791753706131634,
            "max": 0.6086122261001007,
            "min": -0.4639133691677839
        },
        "final_states_entropy": 2.1160297923878013,
        "irreversibility_distribution_stats": {
            "mean": 23.363095600131306,
            "variance": 0.0,
            "max": 23.363095600131306,
            "min": 23.363095600131306
        },
        "irreversibility_distribution_entropy": 2.1623265891184758e-08
    }
}