{
    "probe_name": "epistemic_irreversibility",
    "signal": 15.298661596265076,
    "confidence": "HIGH",
    "passed": true,
    "domain": "dynamical_systems",
    "findings": {
        "mean_info_loss_bits": 15.298661596265076,
        "commitment_bias": 0.05147339142391288,
        "unstable_ratio": 0.95
    },
    "features": {
        "final_states_stats": {
            "mean": 0.05147339142391288,
            "variance": 0.07855362279067118,
            "max": 0.7521230775604393,
            "min": -0.5494873462564742
        },
        "final_states_entropy": 2.1180433438769266,
        "irreversibility_distribution_stats": {
            "mean": 15.298661596265076,
            "variance": 2.8398992587956425e-29,
            "max": 15.298661596265081,
            "min": 15.298661596265081
        },
        "irreversibility_distribution_entropy": 2.162326589118441e-08
    }
}