{
  "C1": {
    "dependencies": {
      "P1": 0.0,
      "P2": 0.0,
      "P3": 0.0,
      "P4": 0.0,
      "P5": 0.0,
      "P6": 0.0
    },
    "classification": "COMPLEX COMPOUND"
  },
  "C2": {
    "dependencies": {
      "P1": 0.0,
      "P2": 0.0,
      "P3": 0.0,
      "P4": 0.0,
      "P5": 0.0,
      "P6": 0.0
    },
    "classification": "COMPLEX COMPOUND"
  },
  "C3": {
    "dependencies": {
      "P1": 0.0012143971378807505,
      "P2": 0.0005900054701541123,
      "P3": 4.9720715015636e-05,
      "P4": 0.003518743345331859,
      "P5": 0.00041643441525292106,
      "P6": 0.9942106989163647
    },
    "classification": "MONO-DEPENDENT"
  },
  "C4": {
    "dependencies": {
      "P1": 0.08623896234330335,
      "P2": 0.000981852300199186,
      "P3": 0.06574319314953983,
      "P4": 0.37884828361831013,
      "P5": 0.3672255547860263,
      "P6": 0.10096215380262108
    },
    "classification": "BINARY COMPOUND"
  }
}