{
    "probe_name": "epistemic_irreversibility",
    "signal": 23.363095600131306,
    "confidence": "HIGH",
    "passed": true,
    "domain": "dynamical_systems",
    "findings": {
        "mean_info_loss_bits": 23.363095600131306,
        "commitment_bias": 0.019306731209858076,
        "unstable_ratio": 0.97
    },
    "features": {
        "final_states_stats": {
            "mean": 0.019306731209858076,
            "variance": 0.051644613771057786,
            "max": 0.5546203718263225,
            "min": -0.5185902128181687
        },
        "final_states_entropy": 2.105455211246086,
        "irreversibility_distribution_stats": {
            "mean": 23.363095600131306,
            "variance": 0.0,
            "max": 23.363095600131306,
            "min": 23.363095600131306
        },
        "irreversibility_distribution_entropy": 2.1623265891184758e-08
    }
}