{
    "Static_Uplift": 0.6887652947719689,
    "Dynamic_Uplift": -0.7296996662958843,
    "Delta_R2": 0.0,
    "CLASSIFICATION": "FAILED_MODEL"
}