{
    "val_signal": 25.502716334026687,
    "val_passed": 1.0,
    "global_mean": 13.251358167013343,
    "global_variance": 150.09577693644454,
    "global_max": 25.502716334026687,
    "entropy": 1.0
}