{
    "probe_name": "epistemic_irreversibility",
    "signal": 25.502716334026687,
    "confidence": "HIGH",
    "passed": true,
    "domain": "dynamical_systems",
    "findings": {
        "mean_info_loss_bits": 25.502716334026687,
        "commitment_bias": 0.040250517418431754,
        "unstable_ratio": 1.0
    },
    "features": {
        "final_states_stats": {
            "mean": 0.040250517418431754,
            "variance": 0.023909851444362508,
            "max": 0.442413018669387,
            "min": -0.39426201858842436
        },
        "final_states_entropy": 1.9724142002604268,
        "irreversibility_distribution_stats": {
            "mean": 25.502716334026687,
            "variance": 5.048709793414476e-29,
            "max": 25.50271633402668,
            "min": 25.50271633402668
        },
        "irreversibility_distribution_entropy": 2.1623265891184758e-08
    }
}