{
    "probe_name": "epistemic_irreversibility",
    "signal": 9.247984523551002,
    "confidence": "HIGH",
    "passed": true,
    "domain": "dynamical_systems",
    "findings": {
        "mean_info_loss_bits": 9.247984523551002,
        "commitment_bias": 0.030029784859808097,
        "unstable_ratio": 0.8
    },
    "features": {
        "final_states_stats": {
            "mean": 0.030029784859808097,
            "variance": 0.13734786626727996,
            "max": 0.9882011738155315,
            "min": -0.7263957574491562
        },
        "final_states_entropy": 2.1097175791283,
        "irreversibility_distribution_stats": {
            "mean": 9.247984523551002,
            "variance": 0.0,
            "max": 9.247984523551002,
            "min": 9.247984523551002
        },
        "irreversibility_distribution_entropy": 2.162326589118441e-08
    }
}