{
    "val_signal": 37.56860135770092,
    "val_passed": 1.0,
    "global_mean": 19.28430067885046,
    "global_variance": 334.3156513146114,
    "global_max": 37.56860135770092,
    "entropy": 1.0
}