{
    "probe_name": "epistemic_irreversibility",
    "signal": 37.56860135770092,
    "confidence": "HIGH",
    "passed": true,
    "domain": "dynamical_systems",
    "findings": {
        "mean_info_loss_bits": 37.56860135770092,
        "commitment_bias": 0.02495860648462046,
        "unstable_ratio": 1.0
    },
    "features": {
        "final_states_stats": {
            "mean": 0.02495860648462046,
            "variance": 0.022781206628654287,
            "max": 0.4513292137874194,
            "min": -0.34865825784032406
        },
        "final_states_entropy": 2.0545919181332115,
        "irreversibility_distribution_stats": {
            "mean": 37.56860135770092,
            "variance": 5.048709793414476e-29,
            "max": 37.56860135770091,
            "min": 37.56860135770091
        },
        "irreversibility_distribution_entropy": 2.1623265891184758e-08
    }
}