{
    "probe_name": "epistemic_irreversibility",
    "signal": 15.298661596265076,
    "confidence": "HIGH",
    "passed": true,
    "domain": "dynamical_systems",
    "findings": {
        "mean_info_loss_bits": 15.298661596265076,
        "commitment_bias": 0.01927136622870656,
        "unstable_ratio": 0.96
    },
    "features": {
        "final_states_stats": {
            "mean": 0.01927136622870656,
            "variance": 0.07593405716568585,
            "max": 0.7810001106392994,
            "min": -0.6335807965189341
        },
        "final_states_entropy": 1.987073793195467,
        "irreversibility_distribution_stats": {
            "mean": 15.298661596265076,
            "variance": 2.8398992587956425e-29,
            "max": 15.298661596265081,
            "min": 15.298661596265081
        },
        "irreversibility_distribution_entropy": 2.162326589118441e-08
    }
}