{
  "experiment": "network_consensus",
  "features": {
    "network_metrics": {
      "nodes": 20,
      "edges": 40,
      "density": 0.21052631578947367,
      "clustering": 0.16833333333333333
    },
    "final_variance": 1.236480494282427e-10,
    "convergence_step": 41
  }
}