{
    "val_signal": 6.957172885761451,
    "val_passed": 1.0,
    "global_mean": 3.9785864428807254,
    "global_variance": 8.871977197712853,
    "global_max": 6.957172885761451,
    "entropy": 1.0
}