{
    "probe_name": "epistemic_irreversibility",
    "signal": 6.957172885761451,
    "confidence": "HIGH",
    "passed": true,
    "domain": "dynamical_systems",
    "findings": {
        "mean_info_loss_bits": 6.957172885761451,
        "commitment_bias": 0.04360685236290715,
        "unstable_ratio": 0.79
    },
    "features": {
        "final_states_stats": {
            "mean": 0.04360685236290715,
            "variance": 0.1638358659860431,
            "max": 0.9745168248284986,
            "min": -0.9612825305531494
        },
        "final_states_entropy": 2.103210959468568,
        "irreversibility_distribution_stats": {
            "mean": 6.957172885761451,
            "variance": 7.099748146989106e-30,
            "max": 6.957172885761448,
            "min": 6.957172885761448
        },
        "irreversibility_distribution_entropy": 2.162326589118441e-08
    }
}