{
    "val_signal": 14.78146085200183,
    "val_passed": 1.0,
    "global_mean": 7.890730426000915,
    "global_variance": 47.48216580381475,
    "global_max": 14.78146085200183,
    "entropy": 1.0
}