{
    "probe_name": "epistemic_irreversibility",
    "signal": 14.78146085200183,
    "confidence": "HIGH",
    "passed": true,
    "domain": "dynamical_systems",
    "findings": {
        "mean_info_loss_bits": 14.78146085200183,
        "commitment_bias": 0.008118919410991193,
        "unstable_ratio": 0.94
    },
    "features": {
        "final_states_stats": {
            "mean": 0.008118919410991193,
            "variance": 0.06089901896392949,
            "max": 0.6435230139374069,
            "min": -0.6139602546899757
        },
        "final_states_entropy": 2.0413054967065847,
        "irreversibility_distribution_stats": {
            "mean": 14.78146085200183,
            "variance": 0.0,
            "max": 14.78146085200183,
            "min": 14.78146085200183
        },
        "irreversibility_distribution_entropy": 2.162326589118441e-08
    }
}