{
    "val_signal": 8.233056886999938,
    "val_passed": 1.0,
    "global_mean": 4.616528443499969,
    "global_variance": 13.079277982644308,
    "global_max": 8.233056886999938,
    "entropy": 1.0
}