{
    "probe_name": "epistemic_irreversibility",
    "signal": 8.233056886999938,
    "confidence": "HIGH",
    "passed": true,
    "domain": "dynamical_systems",
    "findings": {
        "mean_info_loss_bits": 8.233056886999938,
        "commitment_bias": 0.018479309060737515,
        "unstable_ratio": 0.79
    },
    "features": {
        "final_states_stats": {
            "mean": 0.018479309060737515,
            "variance": 0.13844225288558865,
            "max": 0.9071984464430569,
            "min": -0.757813233551264
        },
        "final_states_entropy": 2.1539915086705452,
        "irreversibility_distribution_stats": {
            "mean": 8.233056886999938,
            "variance": 0.0,
            "max": 8.233056886999938,
            "min": 8.233056886999938
        },
        "irreversibility_distribution_entropy": 2.162326589118441e-08
    }
}