{
    "probe_name": "epistemic_irreversibility",
    "signal": 9.247984523551002,
    "confidence": "HIGH",
    "passed": true,
    "domain": "dynamical_systems",
    "findings": {
        "mean_info_loss_bits": 9.247984523551002,
        "commitment_bias": 0.05094930838518092,
        "unstable_ratio": 0.87
    },
    "features": {
        "final_states_stats": {
            "mean": 0.05094930838518092,
            "variance": 0.10067632924443166,
            "max": 0.58235532939551,
            "min": -0.7579337178230173
        },
        "final_states_entropy": 2.142710465353337,
        "irreversibility_distribution_stats": {
            "mean": 9.247984523551002,
            "variance": 0.0,
            "max": 9.247984523551002,
            "min": 9.247984523551002
        },
        "irreversibility_distribution_entropy": 2.162326589118441e-08
    }
}