{
    "iris": [],
    "wine": [
        {
            "component": 0,
            "pss": 0.10631289598668842,
            "bas": 0.7647058823529412,
            "csi": 0.00544886450236244,
            "acc_comp": 0.7407407407407407,
            "acc_full": 0.9444444444444444,
            "noise_stability": 0.9750000000000001,
            "is_guba": true
        }
    ],
    "synthetic": [
        {
            "component": 0,
            "pss": 0.06530039081992092,
            "bas": 0.9732441471571907,
            "csi": 0.005265432098765434,
            "acc_comp": 1.0,
            "acc_full": 0.9966666666666667,
            "noise_stability": 0.97,
            "is_guba": true
        }
    ]
}