{
    "probe_name": "epistemic_irreversibility",
    "signal": 40.000705596211205,
    "confidence": "HIGH",
    "passed": true,
    "domain": "dynamical_systems",
    "findings": {
        "mean_info_loss_bits": 40.000705596211205,
        "commitment_bias": 0.03572314942118143,
        "unstable_ratio": 1.0
    },
    "features": {
        "final_states_stats": {
            "mean": 0.03572314942118143,
            "variance": 0.026942625603995164,
            "max": 0.456468930012419,
            "min": -0.4209945205128124
        },
        "final_states_entropy": 2.0025742501115715,
        "irreversibility_distribution_stats": {
            "mean": 40.000705596211205,
            "variance": 0.0,
            "max": 40.000705596211205,
            "min": 40.000705596211205
        },
        "irreversibility_distribution_entropy": 2.1623265891184758e-08
    }
}