{
    "val_signal": 23.363095600131306,
    "val_passed": 1.0,
    "global_mean": 12.181547800065653,
    "global_variance": 125.02701120515304,
    "global_max": 23.363095600131306,
    "entropy": 1.0
}