{
    "probe_name": "epistemic_irreversibility",
    "signal": 23.363095600131306,
    "confidence": "HIGH",
    "passed": true,
    "domain": "dynamical_systems",
    "findings": {
        "mean_info_loss_bits": 23.363095600131306,
        "commitment_bias": 0.06526520602384502,
        "unstable_ratio": 1.0
    },
    "features": {
        "final_states_stats": {
            "mean": 0.06526520602384502,
            "variance": 0.04068933393222338,
            "max": 0.45939902115305975,
            "min": -0.4196804072039566
        },
        "final_states_entropy": 2.118785572402486,
        "irreversibility_distribution_stats": {
            "mean": 23.363095600131306,
            "variance": 0.0,
            "max": 23.363095600131306,
            "min": 23.363095600131306
        },
        "irreversibility_distribution_entropy": 2.1623265891184758e-08
    }
}