{
    "val_signal": 49.828208313525394,
    "val_passed": 1.0,
    "global_mean": 25.414104156762697,
    "global_variance": 596.0484817772576,
    "global_max": 49.828208313525394,
    "entropy": 1.0
}