{
    "val_signal": 49.82892141505272,
    "val_passed": 1.0,
    "global_mean": 25.41446070752636,
    "global_variance": 596.0658916393485,
    "global_max": 49.82892141505272,
    "entropy": 1.0
}