{
    "probe_name": "epistemic_irreversibility",
    "signal": 49.82892141505272,
    "confidence": "HIGH",
    "passed": true,
    "domain": "dynamical_systems",
    "findings": {
        "mean_info_loss_bits": 49.82892141505272,
        "commitment_bias": 0.017259659530634797,
        "unstable_ratio": 1.0
    },
    "features": {
        "final_states_stats": {
            "mean": 0.017259659530634797,
            "variance": 0.011982860505482569,
            "max": 0.2661315518633161,
            "min": -0.25203320577992894
        },
        "final_states_entropy": 2.105144897163551,
        "irreversibility_distribution_stats": {
            "mean": 49.82892141505272,
            "variance": 0.0,
            "max": 49.82892141505272,
            "min": 49.82892141505272
        },
        "irreversibility_distribution_entropy": 2.1623265891184758e-08
    }
}