{
    "probe_name": "epistemic_irreversibility",
    "signal": 49.82892142331041,
    "confidence": "HIGH",
    "passed": true,
    "domain": "dynamical_systems",
    "findings": {
        "mean_info_loss_bits": 49.82892142331041,
        "commitment_bias": 0.325927568869025,
        "unstable_ratio": 0.0
    },
    "features": {
        "final_states_stats": {
            "mean": 0.325927568869025,
            "variance": 0.8907863560473841,
            "max": 1.061325599449058,
            "min": -1.0542280414324674
        },
        "final_states_entropy": 0.7170996578529738,
        "irreversibility_distribution_stats": {
            "mean": 49.82892142331041,
            "variance": 4.543838814073028e-28,
            "max": 49.82892142331043,
            "min": 49.82892142331043
        },
        "irreversibility_distribution_entropy": 2.1623265891184758e-08
    }
}