{
    "probe_name": "epistemic_irreversibility",
    "signal": 12.75005740046325,
    "confidence": "HIGH",
    "passed": true,
    "domain": "dynamical_systems",
    "findings": {
        "mean_info_loss_bits": 12.75005740046325,
        "commitment_bias": 0.04286155800373721,
        "unstable_ratio": 0.91
    },
    "features": {
        "final_states_stats": {
            "mean": 0.04286155800373721,
            "variance": 0.09120884936779422,
            "max": 0.6649248019754087,
            "min": -0.7337353066437072
        },
        "final_states_entropy": 2.120542623071137,
        "irreversibility_distribution_stats": {
            "mean": 12.75005740046325,
            "variance": 3.1554436208840472e-30,
            "max": 12.750057400463252,
            "min": 12.750057400463252
        },
        "irreversibility_distribution_entropy": 2.162326589118441e-08
    }
}