{
    "probe_name": "epistemic_irreversibility",
    "signal": 49.82892142321601,
    "confidence": "HIGH",
    "passed": true,
    "domain": "dynamical_systems",
    "findings": {
        "mean_info_loss_bits": 49.82892142321601,
        "commitment_bias": 0.03100988502398386,
        "unstable_ratio": 1.0
    },
    "features": {
        "final_states_stats": {
            "mean": 0.03100988502398386,
            "variance": 0.017163664224488843,
            "max": 0.3098100732390013,
            "min": -0.2951096189152222
        },
        "final_states_entropy": 2.0939935430784846,
        "irreversibility_distribution_stats": {
            "mean": 49.82892142321601,
            "variance": 8.077935669463161e-28,
            "max": 49.82892142321598,
            "min": 49.82892142321598
        },
        "irreversibility_distribution_entropy": 2.1623265891184758e-08
    }
}