{
    "val_signal": 36.80327002590244,
    "val_passed": 1.0,
    "global_mean": 18.90163501295122,
    "global_variance": 320.46853613692105,
    "global_max": 36.80327002590244,
    "entropy": 1.0
}