{
    "probe_name": "epistemic_irreversibility",
    "signal": 36.80327002590244,
    "confidence": "HIGH",
    "passed": true,
    "domain": "dynamical_systems",
    "findings": {
        "mean_info_loss_bits": 36.80327002590244,
        "commitment_bias": 0.039109398715211005,
        "unstable_ratio": 1.0
    },
    "features": {
        "final_states_stats": {
            "mean": 0.039109398715211005,
            "variance": 0.029462903026970348,
            "max": 0.4180713447967597,
            "min": -0.3663231314515618
        },
        "final_states_entropy": 2.160794522572521,
        "irreversibility_distribution_stats": {
            "mean": 36.80327002590244,
            "variance": 0.0,
            "max": 36.80327002590244,
            "min": 36.80327002590244
        },
        "irreversibility_distribution_entropy": 2.1623265891184758e-08
    }
}