{
    "probe_name": "epistemic_irreversibility",
    "signal": 8.014972360327507,
    "confidence": "HIGH",
    "passed": true,
    "domain": "dynamical_systems",
    "findings": {
        "mean_info_loss_bits": 8.014972360327507,
        "commitment_bias": 0.06739867570141723,
        "unstable_ratio": 0.85
    },
    "features": {
        "final_states_stats": {
            "mean": 0.06739867570141723,
            "variance": 0.11633747610147781,
            "max": 0.9749325564180409,
            "min": -0.8211700438123913
        },
        "final_states_entropy": 2.0173347803196924,
        "irreversibility_distribution_stats": {
            "mean": 8.014972360327507,
            "variance": 3.1554436208840472e-30,
            "max": 8.014972360327508,
            "min": 8.014972360327508
        },
        "irreversibility_distribution_entropy": 2.162326589118441e-08
    }
}