{
    "val_signal": 10.789056491898139,
    "val_passed": 1.0,
    "global_mean": 5.894528245949069,
    "global_variance": 23.956406750393274,
    "global_max": 10.789056491898139,
    "entropy": 1.0
}