{
  "U1": {
    "ig_so_b": 0.8368182264866447,
    "p_value": 0.000999000999000999,
    "verdict": "PASS"
  },
  "U2": {
    "ig_topo_b": 0.0,
    "p_value": 1.0,
    "verdict": "FAIL"
  }
}