{
    "val_signal": 9.895027579552181,
    "val_passed": 1.0,
    "global_mean": 5.447513789776091,
    "global_variance": 19.780378910248483,
    "global_max": 9.895027579552181,
    "entropy": 1.0
}