{
    "iris": {},
    "wine": {
        "0": 0.00544886450236244
    },
    "synthetic": {
        "0": 0.005265432098765434
    }
}