{
    "val_signal": 5.956430130202474,
    "val_passed": 1.0,
    "global_mean": 3.478215065101237,
    "global_variance": 6.141549908894728,
    "global_max": 5.956430130202474,
    "entropy": 1.0
}