{
  "RPG": 0.05975357987903348,
  "Action": 0.04446484109378179,
  "Adventure": 0.043496531520933746,
  "Story Rich": 0.04009505587156355,
  "Great Soundtrack": 0.030846657774925682,
  "Indie": 0.025091045723220295,
  "Open World": 0.024599996831782756,
  "JRPG": 0.0245566701916049,
  "Anime": 0.022184501215547506,
  "Fantasy": 0.02189004682682207,
  "Atmospheric": 0.020307625198062198,
  "Strategy": 0.015847814671417434,
  "Action RPG": 0.014095292494325944,
  "Third Person": 0.013085470544845044,
  "Simulation": 0.011505537785391522,
  "Puzzle": 0.011119701487996785,
  "Exploration": 0.011090789929127142,
  "Choices Matter": 0.011085243874602186,
  "Sci-fi": 0.010221273414268098,
  "Mystery": 0.010189815439890268,
  "2D": 0.010019066334963165,
  "Turn-Based": 0.009801238623001208,
  "First-Person": 0.009422934273634697,
  "Female Protagonist": 0.009385938576891703,
  "Sandbox": 0.009331190129551293,
  "Visual Novel": 0.009007369228477871,
  "Funny": 0.00897112132768218,
  "Free to Play": 0.00873583315384079,
  "Horror": 0.008525185860150292,
  "Stealth": 0.008504281264355196,
  "Casual": 0.008443817848523171,
  "Difficult": 0.008191539369735757,
  "Turn-Based Combat": 0.00812747300420582,
  "Pixel Graphics": 0.008102933519028192,
  "Character Customization": 0.007745766388287256,
  "Detective": 0.007532235501151563,
  "Point & Click": 0.00748641853227177,
  "FPS": 0.007163688419078937,
  "Shooter": 0.007008880644815079,
  "Survival": 0.00670201684851821,
  "Racing": 0.006086617623859326,
  "Isometric": 0.00587922620405211,
  "Party-Based RPG": 0.0058433402165947715,
  "Massively Multiplayer": 0.005606198200834318,
  "Comedy": 0.0054475125122288815,
  "Dark Fantasy": 0.005349545704458874,
  "Classic": 0.005122226238936369,
  "CRPG": 0.004948367258893429,
  "3D": 0.004870507621042653,
  "Cute": 0.004736347477119464,
  "Platformer": 0.00469264521579422,
  "Multiple Endings": 0.0046881336981520905,
  "Nudity": 0.004355775513380509,
  "Hack and Slash": 0.004247000994205581,
  "Third-Person Shooter": 0.004243537613197983,
  "Post-apocalyptic": 0.004074421583725734,
  "Retro": 0.004048115962437605,
  "Crafting": 0.004041203925636763,
  "Magic": 0.00399085806637849,
  "Violent": 0.0039349572833905,
  "Sports": 0.003919037525162566,
  "Tactical": 0.003868702992604701,
  "Turn-Based Strategy": 0.0038293112033411696,
  "Gore": 0.0038015974284439785,
  "Space": 0.0037441656370585555,
  "Romance": 0.0036815604168555244,
  "Team-Based": 0.003631680575657903,
  "Psychological Horror": 0.0036080259014534136,
  "Competitive": 0.0035667428920700523,
  "Building": 0.003479071962457413,
  "Dungeon Crawler": 0.003471424432345479,
  "PvP": 0.0034586697472987226,
  "Dark": 0.0033874690962209454,
  "Mature": 0.003362465230463101,
  "Cyberpunk": 0.0033538675359018224,
  "Moddable": 0.003161654957593598,
  "Zombies": 0.003130901545745579,
  "Management": 0.0030440039044541014,
  "Crime": 0.0030357659920682636,
  "Colorful": 0.003027666821599839,
  "Replay Value": 0.003012418444784974,
  "Action-Adventure": 0.0030029177547341752,
  "Open World Survival Craft": 0.0029874862830955536,
  "Souls-like": 0.0029020603248038107,
  "Medieval": 0.0028101002578984663,
  "Sexual Content": 0.002781604058406707,
  "Relaxing": 0.002721003439744602,
  "Farming Sim": 0.0025453195418153147,
  "Realistic": 0.0025381541647594946,
  "Family Friendly": 0.002503461667433849,
  "Rogue-like": 0.002398545706245743,
  "Remake": 0.002384922694132362,
  "Surreal": 0.0023847733589660524,
  "Historical": 0.002380099828738299,
  "Football (Soccer)": 0.002328632658020205,
  "Controller": 0.002317314930654224,
  "MMORPG": 0.002301923567293016,
  "Investigation": 0.002282406374160498,
  "Real-Time with Pause": 0.0022330703416193836,
  "Dating Sim": 0.00221978683786656,
  "Tactical RPG": 0.0021835431595047692,
  "3D Platformer": 0.002174056457198881,
  "Lore-Rich": 0.0021617908674084964,
  "Arcade": 0.0020858853794121107,
  "Physics": 0.0020256868186817587,
  "Looter Shooter": 0.0019364027958058616,
  "Survival Horror": 0.0018244899431123778,
  "Fast-Paced": 0.0017940025196428514,
  "Top-Down": 0.0017446687631386688,
  "Beautiful": 0.0017355937214906148,
  "Base-Building": 0.001695708849907643,
  "Grand Strategy": 0.0016519928803842214,
  "Life Sim": 0.0016296767903750478,
  "MOBA": 0.0016162316552382572,
  "Steampunk": 0.0015643370433040143,
  "Military": 0.0015373415270695252,
  "Futuristic": 0.001513135230381821,
  "Combat": 0.0014996173970528207,
  "Loot": 0.0014492323825302503,
  "Noir": 0.0014337641997114803,
  "Assassin": 0.0014256989310321901,
  "PvE": 0.001411574595091595,
  "Cartoony": 0.0014018587382924666,
  "War": 0.0013893875401055434,
  "Emotional": 0.0013833423117690163,
  "Dark Humor": 0.0013656989965513317,
  "Action Roguelike": 0.0013598704398151392,
  "City Builder": 0.0013395412903902057,
  "Drama": 0.001337021344176591,
  "Dragons": 0.0013098938080877702,
  "Metroidvania": 0.0013039530460439942,
  "Cinematic": 0.001288324462941113,
  "Class-Based": 0.0012550546127372338,
  "Philosophical": 0.001237297862055686,
  "Time Travel": 0.0012354459982107339,
  "Interactive Fiction": 0.001230104528591415,
  "Dungeons & Dragons": 0.0011956313264872692,
  "Fighting": 0.0011929919926960111,
  "Episodic": 0.0011795537258594538,
  "Split Screen": 0.0011783832326533656,
  "Economy": 0.0011500864095150246,
  "Parkour": 0.0011350334463544262,
  "Puzzle-Platformer": 0.0011263179820320015,
  "Walking Simulator": 0.0011173475953812273,
  "Nonlinear": 0.0011092406660670425,
  "Tower Defense": 0.001099303602940144,
  "4X": 0.0010906936697787702,
  "Kickstarter": 0.0010904780102858856,
  "Rogue-lite": 0.001072050515460384,
  "Football (American)": 0.0010716775369480507,
  "Choose Your Own Adventure": 0.0010661934465423567,
  "Memes": 0.0010654753978214364,
  "Hand-drawn": 0.0010622668352811687,
  "Flight": 0.0010503438204668876,
  "Conspiracy": 0.0010360890822913582,
  "Hero Shooter": 0.001032515816034011,
  "Baseball": 0.0010262076461029584,
  "Dystopian ": 0.0010121915228582538,
  "Mechs": 0.000993314514684058,
  "Old School": 0.0009840076908687373,
  "Destruction": 0.0009688825337801264,
  "Alternate History": 0.0009536236016794938,
  "Strategy RPG": 0.0009469190645911289,
  "e-sports": 0.0009374870362457101,
  "LGBTQ+": 0.0009171619380613167,
  "Ninja": 0.0009090562833226414,
  "Creature Collector": 0.0009043421722885702,
  "Automobile Sim": 0.0009032817970365696,
  "RTS": 0.0009011111591597917,
  "Short": 0.0008927489845433628,
  "Driving": 0.0008770391989384497,
  "Grid-Based Movement": 0.0008695250568810884,
  "Psychedelic": 0.0008659576123514692,
  "Diplomacy": 0.0008547588028810714,
  "Cult Classic": 0.0008525162770698337,
  "Agriculture": 0.0008494269335939253,
  "4 Player Local": 0.0008340446059687644,
  "Hacking": 0.0008298932081446489,
  "Swordplay": 0.0008014322399668102,
  "Political": 0.0007898427131568859,
  "Psychological": 0.0007860583404021758,
  "Aliens": 0.0007800968002521193,
  "1990's": 0.00077226540522632,
  "Science": 0.0007649709760856876,
  "Horses": 0.0007496372779938089,
  "Beat 'em up": 0.0007449384726032564,
  "Level Editor": 0.0007414788220907275,
  "Pirates": 0.0007358009348670545,
  "Western": 0.0007239650070254804,
  "Co-op Campaign": 0.0007232773045225366,
  "Addictive": 0.0007216307653712438,
  "Side Scroller": 0.0007204811532734102,
  "Turn-Based Tactics": 0.0006852815257654573,
  "Illuminati": 0.0006789082221648055,
  "Automation": 0.0006688675549449129,
  "Trains": 0.0006649462980567779,
  "Fishing": 0.0006626077702978807,
  "RPGMaker": 0.0006561268463387216,
  "Dark Comedy": 0.0006504231351360792,
  "Collectathon": 0.0006478348034844772,
  "Voxel": 0.0006472521563797613,
  "Artificial Intelligence": 0.0006433396242629811,
  "Procedural Generation": 0.0006431079820825722,
  "Perma Death": 0.000640938426332329,
  "Stylized": 0.0006385001434947405,
  "Rhythm": 0.0006230448018311162,
  "Roguevania": 0.0006142890068561345,
  "Clicker": 0.0006137034549988432,