{
    "val_signal": 49.80098383381449,
    "val_passed": 1.0,
    "global_mean": 25.400491916907246,
    "global_variance": 595.3840057870558,
    "global_max": 49.80098383381449,
    "entropy": 1.0
}