{
    "probe_name": "epistemic_irreversibility",
    "signal": 49.80098383381449,
    "confidence": "HIGH",
    "passed": true,
    "domain": "dynamical_systems",
    "findings": {
        "mean_info_loss_bits": 49.80098383381449,
        "commitment_bias": 0.033406216409382634,
        "unstable_ratio": 0.98
    },
    "features": {
        "final_states_stats": {
            "mean": 0.033406216409382634,
            "variance": 0.027348558213566444,
            "max": 0.44771852390500594,
            "min": -0.5478094212952718
        },
        "final_states_entropy": 1.819807942291383,
        "irreversibility_distribution_stats": {
            "mean": 49.80098383381449,
            "variance": 2.0194839173657902e-28,
            "max": 49.80098383381448,
            "min": 49.80098383381448
        },
        "irreversibility_distribution_entropy": 2.1623265891184758e-08
    }
}