{
    "parameter": "noise",
    "range": [
        0.01,
        0.3
    ],
    "steps": 12,
    "experiment": "epistemic_irreversibility",
    "runs": [
        {
            "value": 0.01,
            "status": "ok",
            "dir": "artifacts/epistemic_irreversibility_232",
            "result": {
                "probe_name": "epistemic_irreversibility",
                "signal": 49.82892142331041,
                "confidence": "HIGH",
                "passed": true,
                "domain": "dynamical_systems",
                "findings": {
                    "mean_info_loss_bits": 49.82892142331041,
                    "commitment_bias": 0.02565734057225041,
                    "unstable_ratio": 1.0
                },
                "features": {
                    "final_states_stats": {
                        "mean": 0.02565734057225041,
                        "variance": 0.00010125892901231769,
                        "max": 0.0472341896382678,
                        "min": -0.00026999885009018447
                    },
                    "final_states_entropy": 2.1221076166529214,
                    "irreversibility_distribution_stats": {
                        "mean": 49.82892142331041,
                        "variance": 4.543838814073028e-28,
                        "max": 49.82892142331043,
                        "min": 49.82892142331043
                    },
                    "irreversibility_distribution_entropy": 2.1623265891184758e-08
                }
            }
        },
        {
            "value": 0.03636363636363636,
            "status": "ok",
            "dir": "artifacts/epistemic_irreversibility_233",
            "result": {
                "probe_name": "epistemic_irreversibility",
                "signal": 49.82892142331041,
                "confidence": "HIGH",
                "passed": true,
                "domain": "dynamical_systems",
                "findings": {
                    "mean_info_loss_bits": 49.82892142331041,
                    "commitment_bias": 0.022301789232953097,
                    "unstable_ratio": 1.0
                },
                "features": {
                    "final_states_stats": {
                        "mean": 0.022301789232953097,
                        "variance": 0.0013769424339167785,
                        "max": 0.11244762762841136,
                        "min": -0.07200510289469556
                    },
                    "final_states_entropy": 2.0712780101715276,
                    "irreversibility_distribution_stats": {
                        "mean": 49.82892142331041,
                        "variance": 4.543838814073028e-28,
                        "max": 49.82892142331043,
                        "min": 49.82892142331043
                    },
                    "irreversibility_distribution_entropy": 2.1623265891184758e-08
                }
            }
        },
        {
            "value": 0.06272727272727273,
            "status": "ok",
            "dir": "artifacts/epistemic_irreversibility_234",
            "result": {
                "probe_name": "epistemic_irreversibility",
                "signal": 49.82892142331041,
                "confidence": "HIGH",
                "passed": true,
                "domain": "dynamical_systems",
                "findings": {
                    "mean_info_loss_bits": 49.82892142331041,
                    "commitment_bias": 0.025037020882767488,
                    "unstable_ratio": 1.0
                },
                "features": {
                    "final_states_stats": {
                        "mean": 0.025037020882767488,
                        "variance": 0.005102794277972626,
                        "max": 0.1928541374057141,
                        "min": -0.1534716092638616
                    },
                    "final_states_entropy": 2.0524501859764572,
                    "irreversibility_distribution_stats": {
                        "mean": 49.82892142331041,
                        "variance": 4.543838814073028e-28,
                        "max": 49.82892142331043,
                        "min": 49.82892142331043
                    },
                    "irreversibility_distribution_entropy": 2.1623265891184758e-08
                }
            }
        },
        {
            "value": 0.08909090909090908,
            "status": "ok",
            "dir": "artifacts/epistemic_irreversibility_235",
            "result": {
                "probe_name": "epistemic_irreversibility",
                "signal": 49.828921423309815,
                "confidence": "HIGH",
                "passed": true,
                "domain": "dynamical_systems",
                "findings": {
                    "mean_info_loss_bits": 49.828921423309815,
                    "commitment_bias": 0.01617590181036608,
                    "unstable_ratio": 1.0
                },
                "features": {
                    "final_states_stats": {
                        "mean": 0.01617590181036608,
                        "variance": 0.008688803700428533,
                        "max": 0.2878642437046676,
                        "min": -0.201093461545632
                    },
                    "final_states_entropy": 2.0247517296222703,
                    "irreversibility_distribution_stats": {
                        "mean": 49.828921423309815,
                        "variance": 2.0194839173657902e-28,
                        "max": 49.8289214233098,
                        "min": 49.8289214233098
                    },
                    "irreversibility_distribution_entropy": 2.1623265891184758e-08
                }
            }
        },
        {
            "value": 0.11545454545454545,
            "status": "ok",
            "dir": "artifacts/epistemic_irreversibility_236",
            "result": {
                "probe_name": "epistemic_irreversibility",
                "signal": 49.756833636586954,
                "confidence": "HIGH",
                "passed": true,
                "domain": "dynamical_systems",
                "findings": {
                    "mean_info_loss_bits": 49.756833636586954,
                    "commitment_bias": 0.007800233088002273,
                    "unstable_ratio": 1.0
                },
                "features": {
                    "final_states_stats": {
                        "mean": 0.007800233088002273,
                        "variance": 0.014696599172378056,
                        "max": 0.3035555967753252,
                        "min": -0.29944431172690855
                    },
                    "final_states_entropy": 2.050564388206047,
                    "irreversibility_distribution_stats": {
                        "mean": 49.756833636586954,
                        "variance": 2.0194839173657902e-28,
                        "max": 49.75683363658697,
                        "min": 49.75683363658697
                    },
                    "irreversibility_distribution_entropy": 2.1623265891184758e-08
                }
            }
        },
        {
            "value": 0.14181818181818182,
            "status": "ok",
            "dir": "artifacts/epistemic_irreversibility_237",
            "result": {
                "probe_name": "epistemic_irreversibility",
                "signal": 35.86572394781978,
                "confidence": "HIGH",
                "passed": true,
                "domain": "dynamical_systems",
                "findings": {
                    "mean_info_loss_bits": 35.86572394781978,
                    "commitment_bias": 0.052528570245683304,
                    "unstable_ratio": 1.0
                },
                "features": {
                    "final_states_stats": {
                        "mean": 0.052528570245683304,
                        "variance": 0.021899432853661978,
                        "max": 0.34449554775060465,