{
    "val_signal": 15.178594084322551,
    "val_passed": 1.0,
    "global_mean": 8.089297042161276,
    "global_variance": 50.25813255199661,
    "global_max": 15.178594084322551,
    "entropy": 1.0
}