{
    "probe_name": "epistemic_irreversibility",
    "signal": 15.178594084322551,
    "confidence": "HIGH",
    "passed": true,
    "domain": "dynamical_systems",
    "findings": {
        "mean_info_loss_bits": 15.178594084322551,
        "commitment_bias": 0.032538807949406355,
        "unstable_ratio": 0.95
    },
    "features": {
        "final_states_stats": {
            "mean": 0.032538807949406355,
            "variance": 0.06631147465804782,
            "max": 0.6135759664142331,
            "min": -0.6867850775837815
        },
        "final_states_entropy": 2.0851532873711087,
        "irreversibility_distribution_stats": {
            "mean": 15.178594084322551,
            "variance": 2.8398992587956425e-29,
            "max": 15.178594084322546,
            "min": 15.178594084322546
        },
        "irreversibility_distribution_entropy": 2.162326589118441e-08
    }
}