{
    "val_signal": 16.034958920527625,
    "val_passed": 1.0,
    "global_mean": 8.517479460263813,
    "global_variance": 56.51249743548831,
    "global_max": 16.034958920527625,
    "entropy": 1.0
}