{
    "probe_name": "epistemic_irreversibility",
    "signal": 16.034958920527625,
    "confidence": "HIGH",
    "passed": true,
    "domain": "dynamical_systems",
    "findings": {
        "mean_info_loss_bits": 16.034958920527625,
        "commitment_bias": 0.01130472778125863,
        "unstable_ratio": 0.98
    },
    "features": {
        "final_states_stats": {
            "mean": 0.01130472778125863,
            "variance": 0.05054790899998649,
            "max": 0.5925074105971472,
            "min": -0.48967805986909924
        },
        "final_states_entropy": 2.0915303192132866,
        "irreversibility_distribution_stats": {
            "mean": 16.034958920527625,
            "variance": 1.262177448353619e-29,
            "max": 16.03495892052763,
            "min": 16.03495892052763
        },
        "irreversibility_distribution_entropy": 2.1623265891184758e-08
    }
}