{
    "val_signal": 9.247984523551002,
    "val_passed": 1.0,
    "global_mean": 5.123992261775501,
    "global_variance": 17.007312175184214,
    "global_max": 9.247984523551002,
    "entropy": 1.0
}