{
    "probe_name": "epistemic_irreversibility",
    "signal": 9.247984523551002,
    "confidence": "HIGH",
    "passed": true,
    "domain": "dynamical_systems",
    "findings": {
        "mean_info_loss_bits": 9.247984523551002,
        "commitment_bias": 0.060873140515717815,
        "unstable_ratio": 0.83
    },
    "features": {
        "final_states_stats": {
            "mean": 0.060873140515717815,
            "variance": 0.11131616666363518,
            "max": 0.9383450596062385,
            "min": -0.7205852062116442
        },
        "final_states_entropy": 2.075552248116259,
        "irreversibility_distribution_stats": {
            "mean": 9.247984523551002,
            "variance": 0.0,
            "max": 9.247984523551002,
            "min": 9.247984523551002
        },
        "irreversibility_distribution_entropy": 2.162326589118441e-08
    }
}