{
    "val_signal": 12.116156751006844,
    "val_passed": 1.0,
    "global_mean": 6.558078375503422,
    "global_variance": 30.89223522823876,
    "global_max": 12.116156751006844,
    "entropy": 1.0
}