{
    "probe_name": "epistemic_irreversibility",
    "signal": 12.116156751006844,
    "confidence": "HIGH",
    "passed": true,
    "domain": "dynamical_systems",
    "findings": {
        "mean_info_loss_bits": 12.116156751006844,
        "commitment_bias": 0.018202551066224183,
        "unstable_ratio": 0.9
    },
    "features": {
        "final_states_stats": {
            "mean": 0.018202551066224183,
            "variance": 0.10307130707985003,
            "max": 0.7426465146355193,
            "min": -0.9213499962932472
        },
        "final_states_entropy": 2.010412678813314,
        "irreversibility_distribution_stats": {
            "mean": 12.116156751006844,
            "variance": 0.0,
            "max": 12.116156751006844,
            "min": 12.116156751006844
        },
        "irreversibility_distribution_entropy": 2.162326589118441e-08
    }
}