{
    "probe_name": "epistemic_irreversibility",
    "signal": 23.363095600131306,
    "confidence": "HIGH",
    "passed": true,
    "domain": "dynamical_systems",
    "findings": {
        "mean_info_loss_bits": 23.363095600131306,
        "commitment_bias": 0.05689006557092205,
        "unstable_ratio": 0.97
    },
    "features": {
        "final_states_stats": {
            "mean": 0.05689006557092205,
            "variance": 0.049149759549098435,
            "max": 0.5478564341484425,
            "min": -0.5540060843232272
        },
        "final_states_entropy": 2.059500817277444,
        "irreversibility_distribution_stats": {
            "mean": 23.363095600131306,
            "variance": 0.0,
            "max": 23.363095600131306,
            "min": 23.363095600131306
        },
        "irreversibility_distribution_entropy": 2.1623265891184758e-08
    }
}