{
    "probe_name": "epistemic_irreversibility",
    "signal": 40.000705596211205,
    "confidence": "HIGH",
    "passed": true,
    "domain": "dynamical_systems",
    "findings": {
        "mean_info_loss_bits": 40.000705596211205,
        "commitment_bias": 0.02606892407482899,
        "unstable_ratio": 0.99
    },
    "features": {
        "final_states_stats": {
            "mean": 0.02606892407482899,
            "variance": 0.028151349510967042,
            "max": 0.6817274931657431,
            "min": -0.37347788108261476
        },
        "final_states_entropy": 1.8027881174257558,
        "irreversibility_distribution_stats": {
            "mean": 40.000705596211205,
            "variance": 0.0,
            "max": 40.000705596211205,
            "min": 40.000705596211205
        },
        "irreversibility_distribution_entropy": 2.1623265891184758e-08
    }
}