{
    "probe_name": "epistemic_irreversibility",
    "signal": 8.014972360327507,
    "confidence": "HIGH",
    "passed": true,
    "domain": "dynamical_systems",
    "findings": {
        "mean_info_loss_bits": 8.014972360327507,
        "commitment_bias": 0.01903258034154095,
        "unstable_ratio": 0.85
    },
    "features": {
        "final_states_stats": {
            "mean": 0.01903258034154095,
            "variance": 0.13094078171248547,
            "max": 0.8411053410607363,
            "min": -0.9311156511502898
        },
        "final_states_entropy": 2.049732307220348,
        "irreversibility_distribution_stats": {
            "mean": 8.014972360327507,
            "variance": 3.1554436208840472e-30,
            "max": 8.014972360327508,
            "min": 8.014972360327508
        },
        "irreversibility_distribution_entropy": 2.162326589118441e-08
    }
}