{
    "val_signal": 5.157049924843607,
    "val_passed": 1.0,
    "global_mean": 3.0785249624218034,
    "global_variance": 4.3202660194105595,
    "global_max": 5.157049924843607,
    "entropy": 1.0
}