{
    "probe_name": "epistemic_irreversibility",
    "signal": 5.157049924843607,
    "confidence": "HIGH",
    "passed": true,
    "domain": "dynamical_systems",
    "findings": {
        "mean_info_loss_bits": 5.157049924843607,
        "commitment_bias": -0.014117231761258892,
        "unstable_ratio": 0.71
    },
    "features": {
        "final_states_stats": {
            "mean": -0.014117231761258892,
            "variance": 0.1951849513529659,
            "max": 1.1116505826587169,
            "min": -0.9744409619461212
        },
        "final_states_entropy": 2.1191564882047143,
        "irreversibility_distribution_stats": {
            "mean": 5.157049924843607,
            "variance": 7.888609052210118e-31,
            "max": 5.157049924843608,
            "min": 5.157049924843608
        },
        "irreversibility_distribution_entropy": 2.1623265891184582e-08
    }
}