{
    "val_signal": 9.633784263759125,
    "val_passed": 1.0,
    "global_mean": 5.3168921318795626,
    "global_variance": 18.635557678283675,
    "global_max": 9.633784263759125,
    "entropy": 1.0
}