{
    "probe_name": "epistemic_irreversibility",
    "signal": 8.014972360327507,
    "confidence": "HIGH",
    "passed": true,
    "domain": "dynamical_systems",
    "findings": {
        "mean_info_loss_bits": 8.014972360327507,
        "commitment_bias": 0.02806429104596079,
        "unstable_ratio": 0.91
    },
    "features": {
        "final_states_stats": {
            "mean": 0.02806429104596079,
            "variance": 0.11165660412362063,
            "max": 0.8013401677829901,
            "min": -0.8308470355244657
        },
        "final_states_entropy": 2.0547414535921025,
        "irreversibility_distribution_stats": {
            "mean": 8.014972360327507,
            "variance": 3.1554436208840472e-30,
            "max": 8.014972360327508,
            "min": 8.014972360327508
        },
        "irreversibility_distribution_entropy": 2.162326589118441e-08
    }
}