{
    "probe_name": "epistemic_irreversibility",
    "signal": 18.69541954885087,
    "confidence": "HIGH",
    "passed": true,
    "domain": "dynamical_systems",
    "findings": {
        "mean_info_loss_bits": 18.69541954885087,
        "commitment_bias": 0.030317608027763017,
        "unstable_ratio": 0.96
    },
    "features": {
        "final_states_stats": {
            "mean": 0.030317608027763017,
            "variance": 0.05998032189341866,
            "max": 0.6252544333112123,
            "min": -0.5925945607830059
        },
        "final_states_entropy": 2.044125143326274,
        "irreversibility_distribution_stats": {
            "mean": 18.69541954885087,
            "variance": 1.262177448353619e-29,
            "max": 18.695419548850868,
            "min": 18.695419548850868
        },
        "irreversibility_distribution_entropy": 2.1623265891184758e-08
    }
}