{
    "probe_name": "epistemic_irreversibility",
    "signal": 12.75005740046325,
    "confidence": "HIGH",
    "passed": true,
    "domain": "dynamical_systems",
    "findings": {
        "mean_info_loss_bits": 12.75005740046325,
        "commitment_bias": 0.0380409241564626,
        "unstable_ratio": 0.94
    },
    "features": {
        "final_states_stats": {
            "mean": 0.0380409241564626,
            "variance": 0.0681072119089422,
            "max": 0.5918579379745013,
            "min": -0.5799344708649704
        },
        "final_states_entropy": 2.170209271286206,
        "irreversibility_distribution_stats": {
            "mean": 12.75005740046325,
            "variance": 3.1554436208840472e-30,
            "max": 12.750057400463252,
            "min": 12.750057400463252
        },
        "irreversibility_distribution_entropy": 2.162326589118441e-08
    }
}