{
    "repos": [
        {
            "repo": "ripgrep",
            "lang": "rust",
            "r2": -6.486,
            "da": 0.35,
            "mean_true": 0.10479263408730377,
            "mean_pred": 0.289131700945119
        },
        {
            "repo": "hyper",
            "lang": "rust",
            "r2": -2.098,
            "da": 0.435,
            "mean_true": 0.1401699265471991,
            "mean_pred": 0.3505598598429949
        },
        {
            "repo": "pandoc",
            "lang": "haskell",
            "r2": -314.703,
            "da": 0.51,
            "mean_true": 0.03166067286591997,
            "mean_pred": 0.23640981174632197
        }
    ]
}