{
    "probe_name": "epistemic_irreversibility",
    "signal": 12.75005740046325,
    "confidence": "HIGH",
    "passed": true,
    "domain": "dynamical_systems",
    "findings": {
        "mean_info_loss_bits": 12.75005740046325,
        "commitment_bias": 0.06226120305429947,
        "unstable_ratio": 0.9
    },
    "features": {
        "final_states_stats": {
            "mean": 0.06226120305429947,
            "variance": 0.08660626374102608,
            "max": 0.8031886568050087,
            "min": -0.6553827582916796
        },
        "final_states_entropy": 2.065265584312952,
        "irreversibility_distribution_stats": {
            "mean": 12.75005740046325,
            "variance": 3.1554436208840472e-30,
            "max": 12.750057400463252,
            "min": 12.750057400463252
        },
        "irreversibility_distribution_entropy": 2.162326589118441e-08
    }
}