{
    "C1": 1.0,
    "C2": 0.8893290098200183,
    "C3": 0.0020261538665769445,
    "C4": 0.012671801709921703
}