{
  "N_250": 0.2254328920589812,
  "N_500": 0.20877045578066347,
  "N_750": 0.20562241758523103,
  "N_1000": 0.20593641682580044
}